<?xml version = '1.0' encoding = 'UTF-8'?>
<relationalModel class="oracle.dbtools.crest.model.design.relational.RelationalDesign" name="Relational_1" id="4C5E27B3-9308-37D5-795A-86B34C11C0B9" mainViewID="EB91F5DD-7E8D-0A5B-D4B7-AB5B9FFC9B1F">
<createdBy>Fnix</createdBy>
<createdTime>2025-09-16 01:55:54 UTC</createdTime>
<ownerDesignName>San_fernando</ownerDesignName>
<shouldBeOpen>false</shouldBeOpen>
<selectedRDBMSSite>32076570-2523-435C-2E92-BF29817DFF70</selectedRDBMSSite>
<importDDLFileStamps>
<importDDLFileStamp class="oracle.dbtools.crest.imports.DDLFileStamp">
<fileName>data2.sql</fileName>
<pathName>C:\Users\derek\Desktop\Sumativa 2\base de datos</pathName>
<dbType>17</dbType>
</importDDLFileStamp>
<importDDLFileStamp class="oracle.dbtools.crest.imports.DDLFileStamp">
<fileName>data.ddl</fileName>
<pathName>C:\Users\derek\Desktop\Sumativa 2\base de datos</pathName>
<dbType>9</dbType>
</importDDLFileStamp>
</importDDLFileStamps>
</relationalModel>