<?xml version = '1.0' encoding = 'UTF-8'?>
<FKIndexAssociation class="oracle.dbtools.crest.model.design.relational.FKIndexAssociation" directorySegmentName="seg_0" id="3DBFBD64-8701-7DD8-A62B-D811A76707A4" containerWithKeyObject="311DB7FC-D52C-4835-1DFC-048537993D30" localFKIndex="F2706C03-5C07-B8FF-C0DA-75830EA7CA85" name="fk_atencion_medico">
<sourceDDLFile>data2.sql</sourceDDLFile>
<createdBy>Fnix</createdBy>
<createdTime>2025-09-16 01:56:13 UTC</createdTime>
<ownerDesignName>San_fernando</ownerDesignName>
<importedID>E0C03540-C4A1-EDFB-B6EE-09174E99EE0D</importedID>
<referredTableLongName>MEDICO</referredTableLongName>
<deleteRule>NO ACTION</deleteRule>
<referredTableID>EB08ACDA-C0E2-A2CC-EB2F-ACC30FD502ED</referredTableID>
<keyObject>FA2BE42C-8C2C-F406-C406-6AAE3490A360</keyObject>
<referredKeyID>FA2BE42C-8C2C-F406-C406-6AAE3490A360</referredKeyID>
<mandatory>true</mandatory>
<refColNames>rut_medico</refColNames>
<transferable>true</transferable>
<rely>false</rely>
<columnDependencyConstraintGenerateInDDL>true</columnDependencyConstraintGenerateInDDL>
</FKIndexAssociation>