<?xml version = '1.0' encoding = 'UTF-8'?>
<FKIndexAssociation class="oracle.dbtools.crest.model.design.relational.FKIndexAssociation" directorySegmentName="seg_0" id="4B1D0333-FFE2-37CC-2FB7-0EF93D0CA65E" containerWithKeyObject="EB08ACDA-C0E2-A2CC-EB2F-ACC30FD502ED" localFKIndex="0173933B-DD5B-0A27-6455-912847F64526" name="fk_medico_institucion">
<sourceDDLFile>data2.sql</sourceDDLFile>
<createdBy>Fnix</createdBy>
<createdTime>2025-09-16 01:56:13 UTC</createdTime>
<ownerDesignName>San_fernando</ownerDesignName>
<importedID>EE42D99A-B821-5ECF-591B-1CFD82753C0C</importedID>
<referredTableLongName>INSTITUCION_SALUD</referredTableLongName>
<deleteRule>NO ACTION</deleteRule>
<referredTableID>9246D2DF-F219-4E04-CA16-F9692811887B</referredTableID>
<keyObject>91A754FC-08FD-6755-E15B-DD9188CF19EB</keyObject>
<referredKeyID>91A754FC-08FD-6755-E15B-DD9188CF19EB</referredKeyID>
<mandatory>false</mandatory>
<refColNames>id_institucion</refColNames>
<transferable>true</transferable>
<rely>false</rely>
<columnDependencyConstraintGenerateInDDL>true</columnDependencyConstraintGenerateInDDL>
</FKIndexAssociation>