<?xml version = '1.0' encoding = 'UTF-8'?>
<FKIndexAssociation class="oracle.dbtools.crest.model.design.relational.FKIndexAssociation" directorySegmentName="seg_0" id="5E0E9218-E0E2-9248-075E-7CD01DDE005D" containerWithKeyObject="EB08ACDA-C0E2-A2CC-EB2F-ACC30FD502ED" localFKIndex="C1EA6ACC-618C-EBCD-80A7-010ED76FDB42" name="fk_medico_afp">
<sourceDDLFile>data2.sql</sourceDDLFile>
<createdBy>Fnix</createdBy>
<createdTime>2025-09-16 01:56:13 UTC</createdTime>
<ownerDesignName>San_fernando</ownerDesignName>
<importedID>B3BE2B21-7AE0-F83E-03A7-36A384FF5993</importedID>
<referredTableLongName>AFP</referredTableLongName>
<deleteRule>NO ACTION</deleteRule>
<referredTableID>3C26453E-EC44-55D5-B322-B193AF032875</referredTableID>
<keyObject>13E296D3-3F49-84A0-60B7-C834D997B097</keyObject>
<referredKeyID>13E296D3-3F49-84A0-60B7-C834D997B097</referredKeyID>
<mandatory>false</mandatory>
<refColNames>id_afp</refColNames>
<transferable>true</transferable>
<rely>false</rely>
<columnDependencyConstraintGenerateInDDL>true</columnDependencyConstraintGenerateInDDL>
</FKIndexAssociation>