<?xml version = '1.0' encoding = 'UTF-8'?>
<FKIndexAssociation class="oracle.dbtools.crest.model.design.relational.FKIndexAssociation" directorySegmentName="seg_0" id="5F35F150-64FC-DB78-06C3-FE7DEC73112E" containerWithKeyObject="EB08ACDA-C0E2-A2CC-EB2F-ACC30FD502ED" localFKIndex="823FD7C2-41D0-D171-4315-F9D04177605B" name="fk_medico_supervisor">
<sourceDDLFile>data2.sql</sourceDDLFile>
<createdBy>Fnix</createdBy>
<createdTime>2025-09-16 01:56:13 UTC</createdTime>
<ownerDesignName>San_fernando</ownerDesignName>
<importedID>90C97F7C-9B86-C71A-A583-CDD9D905E10F</importedID>
<referredTableLongName>MEDICO</referredTableLongName>
<deleteRule>NO ACTION</deleteRule>
<referredTableID>EB08ACDA-C0E2-A2CC-EB2F-ACC30FD502ED</referredTableID>
<keyObject>FA2BE42C-8C2C-F406-C406-6AAE3490A360</keyObject>
<referredKeyID>FA2BE42C-8C2C-F406-C406-6AAE3490A360</referredKeyID>
<mandatory>false</mandatory>
<refColNames>rut_medico</refColNames>
<transferable>true</transferable>
<rely>false</rely>
<columnDependencyConstraintGenerateInDDL>true</columnDependencyConstraintGenerateInDDL>
</FKIndexAssociation>