<?xml version = '1.0' encoding = 'UTF-8'?>
<FKIndexAssociation class="oracle.dbtools.crest.model.design.relational.FKIndexAssociation" directorySegmentName="seg_0" id="622E54B9-EB14-BA78-6E0E-FC73FF63ACAD" containerWithKeyObject="120BF468-4E89-7C8C-4A45-DAA66FBCD4CA" localFKIndex="D8BEEADA-AC65-DCA6-5794-92AAD2ADFCB5" name="fk_comuna_region">
<sourceDDLFile>data2.sql</sourceDDLFile>
<createdBy>Fnix</createdBy>
<createdTime>2025-09-16 01:56:13 UTC</createdTime>
<ownerDesignName>San_fernando</ownerDesignName>
<importedID>31CD5419-33C8-D943-FC3B-A6D1D0C66C04</importedID>
<referredTableLongName>REGION</referredTableLongName>
<deleteRule>NO ACTION</deleteRule>
<referredTableID>7AAB3035-1BF6-51A4-D276-9846D0863358</referredTableID>
<keyObject>0815E275-1FEB-DC89-B3F6-8AB67E86B500</keyObject>
<referredKeyID>0815E275-1FEB-DC89-B3F6-8AB67E86B500</referredKeyID>
<mandatory>true</mandatory>
<refColNames>id_region</refColNames>
<transferable>true</transferable>
<rely>false</rely>
<columnDependencyConstraintGenerateInDDL>true</columnDependencyConstraintGenerateInDDL>
</FKIndexAssociation>