<?xml version = '1.0' encoding = 'UTF-8'?>
<FKIndexAssociation class="oracle.dbtools.crest.model.design.relational.FKIndexAssociation" directorySegmentName="seg_0" id="6BE5A019-25AC-95E2-CE4E-342DB724D62D" containerWithKeyObject="311DB7FC-D52C-4835-1DFC-048537993D30" localFKIndex="AC7FC2CD-BA6B-61D1-EBEB-BFC7606C462B" name="fk_atencion_paciente">
<sourceDDLFile>data2.sql</sourceDDLFile>
<createdBy>Fnix</createdBy>
<createdTime>2025-09-16 01:56:13 UTC</createdTime>
<ownerDesignName>San_fernando</ownerDesignName>
<importedID>E4F1BB63-D703-CAC2-944A-64EDBBF88ED5</importedID>
<referredTableLongName>PACIENTE</referredTableLongName>
<deleteRule>NO ACTION</deleteRule>
<referredTableID>2D54904A-E0DE-8CF7-226D-A38B6DBE091C</referredTableID>
<keyObject>7D21068E-0F06-0227-0FFA-5FDEF2F5174D</keyObject>
<referredKeyID>7D21068E-0F06-0227-0FFA-5FDEF2F5174D</referredKeyID>
<mandatory>true</mandatory>
<refColNames>rut_paciente</refColNames>
<transferable>true</transferable>
<rely>false</rely>
<columnDependencyConstraintGenerateInDDL>true</columnDependencyConstraintGenerateInDDL>
</FKIndexAssociation>