<?xml version = '1.0' encoding = 'UTF-8'?>
<FKIndexAssociation class="oracle.dbtools.crest.model.design.relational.FKIndexAssociation" directorySegmentName="seg_0" id="74DBC79E-4AC3-E5F6-6637-C3BC6E896590" containerWithKeyObject="97A4B55B-8F6F-12B4-59E8-ECF3B7D8210B" localFKIndex="C6158A2C-518C-7332-BF17-4FF650376DD2" name="fk_solicitud_examen">
<sourceDDLFile>data2.sql</sourceDDLFile>
<createdBy>Fnix</createdBy>
<createdTime>2025-09-16 01:56:13 UTC</createdTime>
<ownerDesignName>San_fernando</ownerDesignName>
<importedID>F37E4D18-C77B-8A88-0829-2A051FBBB29E</importedID>
<referredTableLongName>EXAMEN_LABORATORIO</referredTableLongName>
<deleteRule>NO ACTION</deleteRule>
<referredTableID>FDD5A482-1CD1-2949-D6C6-58D51DA6A57B</referredTableID>
<keyObject>73B717E7-0249-7D23-2499-C57A4DB5FF39</keyObject>
<referredKeyID>73B717E7-0249-7D23-2499-C57A4DB5FF39</referredKeyID>
<mandatory>true</mandatory>
<refColNames>id_examen</refColNames>
<transferable>true</transferable>
<rely>false</rely>
<columnDependencyConstraintGenerateInDDL>true</columnDependencyConstraintGenerateInDDL>
</FKIndexAssociation>