<?xml version = '1.0' encoding = 'UTF-8'?>
<FKIndexAssociation class="oracle.dbtools.crest.model.design.relational.FKIndexAssociation" directorySegmentName="seg_0" id="75D86F10-1739-90A7-30AD-4118F05AF94A" containerWithKeyObject="8DBFD2A5-4749-AA9B-D8A6-E24995BB8658" localFKIndex="CE018711-E293-FD97-9D4B-727A1B9BBEB3" name="fk_pago_atencion">
<sourceDDLFile>data2.sql</sourceDDLFile>
<createdBy>Fnix</createdBy>
<createdTime>2025-09-16 01:56:13 UTC</createdTime>
<ownerDesignName>San_fernando</ownerDesignName>
<importedID>73DB6DA1-9296-ECA1-05F7-469EE553F78C</importedID>
<referredTableLongName>ATENCION_MEDICA</referredTableLongName>
<deleteRule>NO ACTION</deleteRule>
<referredTableID>311DB7FC-D52C-4835-1DFC-048537993D30</referredTableID>
<keyObject>BA20FE65-7EA2-311F-0949-C000439B4D31</keyObject>
<referredKeyID>BA20FE65-7EA2-311F-0949-C000439B4D31</referredKeyID>
<mandatory>true</mandatory>
<refColNames>id_atencion</refColNames>
<transferable>true</transferable>
<rely>false</rely>
<columnDependencyConstraintGenerateInDDL>true</columnDependencyConstraintGenerateInDDL>
</FKIndexAssociation>