<?xml version = '1.0' encoding = 'UTF-8'?>
<FKIndexAssociation class="oracle.dbtools.crest.model.design.relational.FKIndexAssociation" directorySegmentName="seg_0" id="ECD4E3D3-062E-BDE2-B283-479365BE5155" containerWithKeyObject="97A4B55B-8F6F-12B4-59E8-ECF3B7D8210B" localFKIndex="6EB83006-9A8C-9460-4D85-5B7481BE440B" name="fk_solicitud_atencion">
<sourceDDLFile>data2.sql</sourceDDLFile>
<createdBy>Fnix</createdBy>
<createdTime>2025-09-16 01:56:13 UTC</createdTime>
<ownerDesignName>San_fernando</ownerDesignName>
<importedID>929B043B-1C71-0A2E-1FDB-B3D5A0801D73</importedID>
<referredTableLongName>ATENCION_MEDICA</referredTableLongName>
<deleteRule>NO ACTION</deleteRule>
<referredTableID>311DB7FC-D52C-4835-1DFC-048537993D30</referredTableID>
<keyObject>BA20FE65-7EA2-311F-0949-C000439B4D31</keyObject>
<referredKeyID>BA20FE65-7EA2-311F-0949-C000439B4D31</referredKeyID>
<mandatory>true</mandatory>
<refColNames>id_atencion</refColNames>
<transferable>true</transferable>
<rely>false</rely>
<columnDependencyConstraintGenerateInDDL>true</columnDependencyConstraintGenerateInDDL>
</FKIndexAssociation>