<?xml version = '1.0' encoding = 'UTF-8'?>
<FKIndexAssociation class="oracle.dbtools.crest.model.design.relational.FKIndexAssociation" directorySegmentName="seg_0" id="F4398ADC-8F2B-0AAB-742F-E4A8F91FE54B" containerWithKeyObject="2D54904A-E0DE-8CF7-226D-A38B6DBE091C" localFKIndex="D2E077EC-A4BC-F6F4-4CFB-82F51B74973F" name="fk_paciente_comuna">
<sourceDDLFile>data2.sql</sourceDDLFile>
<createdBy>Fnix</createdBy>
<createdTime>2025-09-16 01:56:13 UTC</createdTime>
<ownerDesignName>San_fernando</ownerDesignName>
<importedID>66BA6D6B-AF7A-9864-0F90-C8BBB36FF3CB</importedID>
<referredTableLongName>COMUNA</referredTableLongName>
<deleteRule>NO ACTION</deleteRule>
<referredTableID>120BF468-4E89-7C8C-4A45-DAA66FBCD4CA</referredTableID>
<keyObject>9E3415D2-0C43-C515-C95A-66E661483179</keyObject>
<referredKeyID>9E3415D2-0C43-C515-C95A-66E661483179</referredKeyID>
<mandatory>true</mandatory>
<refColNames>id_comuna</refColNames>
<transferable>true</transferable>
<rely>false</rely>
<columnDependencyConstraintGenerateInDDL>true</columnDependencyConstraintGenerateInDDL>
</FKIndexAssociation>