<?xml version = '1.0' encoding = 'UTF-8'?>
<FKIndexAssociation class="oracle.dbtools.crest.model.design.relational.FKIndexAssociation" directorySegmentName="seg_0" id="FE919A29-4C2F-E5B3-CCD6-CD8630419A1E" containerWithKeyObject="EB08ACDA-C0E2-A2CC-EB2F-ACC30FD502ED" localFKIndex="9F7F77B8-24F9-EA2E-1939-F11390A4B7B6" name="fk_medico_especialidad">
<sourceDDLFile>data2.sql</sourceDDLFile>
<createdBy>Fnix</createdBy>
<createdTime>2025-09-16 01:56:13 UTC</createdTime>
<ownerDesignName>San_fernando</ownerDesignName>
<importedID>73449881-72C2-49E0-3285-9F63DCEA1B0B</importedID>
<referredTableLongName>ESPECIALIDAD</referredTableLongName>
<deleteRule>NO ACTION</deleteRule>
<referredTableID>39EE4054-6CFF-8846-2B8F-340CB4DAACF9</referredTableID>
<keyObject>E5C08167-3FDD-DFBA-653B-ECDE369F8D43</keyObject>
<referredKeyID>E5C08167-3FDD-DFBA-653B-ECDE369F8D43</referredKeyID>
<mandatory>true</mandatory>
<refColNames>id_especialidad</refColNames>
<transferable>true</transferable>
<rely>false</rely>
<columnDependencyConstraintGenerateInDDL>true</columnDependencyConstraintGenerateInDDL>
</FKIndexAssociation>