<?xml version = '1.0' encoding = 'UTF-8'?>
<Entity class="oracle.dbtools.crest.model.design.logical.Entity" directorySegmentName="seg_0" id="4216E80A-7117-89F7-49BB-ED1699F1FC49" name="COMUNA">
<createdBy>Fnix</createdBy>
<createdTime>2025-09-16 02:01:29 UTC</createdTime>
<generatorID>120BF468-4E89-7C8C-4A45-DAA66FBCD4CA</generatorID>
<ownerDesignName>San_fernando</ownerDesignName>
<engineerTo>
<item key="4C5E27B3-9308-37D5-795A-86B34C11C0B9" value="true"/>
</engineerTo>
<adequatelyNormalized>NO</adequatelyNormalized>
<expectedVolumes>0</expectedVolumes>
<fwdEngineeringStrategyName>Single Table</fwdEngineeringStrategyName>
<growthPercent>0</growthPercent>
<growthType>Year</growthType>
<maxVolumes>9999999</maxVolumes>
<minVolumes>0</minVolumes>
<normalForm>Third</normalForm>
<attributes itemClass="oracle.dbtools.crest.model.design.logical.Attribute">
<Attribute name="id comuna" id="ADAED2AA-8D48-F075-2D2A-40DEB11555F5">
<createdBy>Fnix</createdBy>
<createdTime>2025-09-16 02:01:29 UTC</createdTime>
<generatorID>3ECAF023-8B45-9708-059D-9B76845FFF58</generatorID>
<ownerDesignName>San_fernando</ownerDesignName>
<engineerTo>
<item key="4C5E27B3-9308-37D5-795A-86B34C11C0B9" value="true"/>
</engineerTo>
<use>0</use>
<logicalDatatype>LOGDT019</logicalDatatype>
<domain>1BD4D9BE-2231-9BB3-AD19-59DF3FB6E10D</domain>
<ownDataTypeParameters>,,</ownDataTypeParameters>
</Attribute>
<Attribute name="nombre comuna" id="7F1FA52E-7BBE-7995-478A-2CDCD2FA7803">
<createdBy>Fnix</createdBy>
<createdTime>2025-09-16 02:01:29 UTC</createdTime>
<generatorID>269D95B6-86DE-6B39-F146-6E590D5D101E</generatorID>
<ownerDesignName>San_fernando</ownerDesignName>
<engineerTo>
<item key="4C5E27B3-9308-37D5-795A-86B34C11C0B9" value="true"/>
</engineerTo>
<use>0</use>
<logicalDatatype>LOGDT024</logicalDatatype>
<domain>EC82D9E8-A905-F2C9-5027-FE81E5990ECF</domain>
<ownDataTypeParameters>,,</ownDataTypeParameters>
</Attribute>
<Attribute name="id region" id="A2DD42B3-9C4B-BDE2-A19C-CC1B3C407971">
<createdBy>Fnix</createdBy>
<createdTime>2025-09-16 02:01:29 UTC</createdTime>
<generatorID>B31717C0-DB49-55B5-050D-043C7C3E6694</generatorID>
<ownerDesignName>San_fernando</ownerDesignName>
<engineerTo>
<item key="4C5E27B3-9308-37D5-795A-86B34C11C0B9" value="true"/>
</engineerTo>
<referedAttribute>37E2B817-5FD7-A80C-EBC1-0EA0B1E425BE</referedAttribute>
<use>0</use>
<logicalDatatype>LOGDT019</logicalDatatype>
<domain>1BD4D9BE-2231-9BB3-AD19-59DF3FB6E10D</domain>
<ownDataTypeParameters>,,</ownDataTypeParameters>
</Attribute>
</attributes>
<identifiers itemClass="oracle.dbtools.crest.model.design.logical.CandidateKey">
<identifier id="7E232574-F431-E0D3-4ECB-888F84114EBE" name="COMUNA PK">
<createdBy>Fnix</createdBy>
<createdTime>2025-09-16 02:01:29 UTC</createdTime>
<generatorID>9E3415D2-0C43-C515-C95A-66E661483179</generatorID>
<ownerDesignName>San_fernando</ownerDesignName>
<engineerTo>
<item key="4C5E27B3-9308-37D5-795A-86B34C11C0B9" value="true"/>
</engineerTo>
<pk>true</pk>
<usedAttributes>
<attributeRef>ADAED2AA-8D48-F075-2D2A-40DEB11555F5</attributeRef>
</usedAttributes>
</identifier>
</identifiers>
</Entity>