<?xml version = '1.0' encoding = 'UTF-8'?>
<Entity class="oracle.dbtools.crest.model.design.logical.Entity" directorySegmentName="seg_0" id="6E9EF0E6-C78C-863E-6299-58EFECA0C99E" name="REGION">
<createdBy>Fnix</createdBy>
<createdTime>2025-09-16 02:01:29 UTC</createdTime>
<generatorID>7AAB3035-1BF6-51A4-D276-9846D0863358</generatorID>
<ownerDesignName>San_fernando</ownerDesignName>
<engineerTo>
<item key="4C5E27B3-9308-37D5-795A-86B34C11C0B9" value="true"/>
</engineerTo>
<adequatelyNormalized>NO</adequatelyNormalized>
<expectedVolumes>0</expectedVolumes>
<fwdEngineeringStrategyName>Single Table</fwdEngineeringStrategyName>
<growthPercent>0</growthPercent>
<growthType>Year</growthType>
<maxVolumes>9999999</maxVolumes>
<minVolumes>0</minVolumes>
<normalForm>Third</normalForm>
<attributes itemClass="oracle.dbtools.crest.model.design.logical.Attribute">
<Attribute name="id region" id="37E2B817-5FD7-A80C-EBC1-0EA0B1E425BE">
<createdBy>Fnix</createdBy>
<createdTime>2025-09-16 02:01:29 UTC</createdTime>
<generatorID>B2DCF1E0-2270-631C-671A-DCFEE26FEB2C</generatorID>
<ownerDesignName>San_fernando</ownerDesignName>
<engineerTo>
<item key="4C5E27B3-9308-37D5-795A-86B34C11C0B9" value="true"/>
</engineerTo>
<use>0</use>
<logicalDatatype>LOGDT019</logicalDatatype>
<domain>1BD4D9BE-2231-9BB3-AD19-59DF3FB6E10D</domain>
<ownDataTypeParameters>,,</ownDataTypeParameters>
</Attribute>
<Attribute name="nombre region" id="13797DCA-B7F5-68B4-7561-B4A1CEFFC07D">
<createdBy>Fnix</createdBy>
<createdTime>2025-09-16 02:01:29 UTC</createdTime>
<generatorID>DB5E4FA7-D45C-302E-3AE4-D45F5F53906F</generatorID>
<ownerDesignName>San_fernando</ownerDesignName>
<engineerTo>
<item key="4C5E27B3-9308-37D5-795A-86B34C11C0B9" value="true"/>
</engineerTo>
<use>0</use>
<logicalDatatype>LOGDT024</logicalDatatype>
<domain>EC82D9E8-A905-F2C9-5027-FE81E5990ECF</domain>
<ownDataTypeParameters>,,</ownDataTypeParameters>
</Attribute>
</attributes>
<identifiers itemClass="oracle.dbtools.crest.model.design.logical.CandidateKey">
<identifier id="FD95E181-55C7-F5BC-C663-74672FDAA1FC" name="REGION PK">
<createdBy>Fnix</createdBy>
<createdTime>2025-09-16 02:01:29 UTC</createdTime>
<generatorID>0815E275-1FEB-DC89-B3F6-8AB67E86B500</generatorID>
<ownerDesignName>San_fernando</ownerDesignName>
<engineerTo>
<item key="4C5E27B3-9308-37D5-795A-86B34C11C0B9" value="true"/>
</engineerTo>
<pk>true</pk>
<usedAttributes>
<attributeRef>37E2B817-5FD7-A80C-EBC1-0EA0B1E425BE</attributeRef>
</usedAttributes>
</identifier>
</identifiers>
</Entity>