<?xml version = '1.0' encoding = 'UTF-8'?>
<Entity class="oracle.dbtools.crest.model.design.logical.Entity" directorySegmentName="seg_0" id="824EA048-ED37-99DE-587B-963B5111349B" name="PAGO ATENCION">
<createdBy>Fnix</createdBy>
<createdTime>2025-09-16 02:03:05 UTC</createdTime>
<generatorID>8DBFD2A5-4749-AA9B-D8A6-E24995BB8658</generatorID>
<ownerDesignName>San_fernando</ownerDesignName>
<engineerTo>
<item key="4C5E27B3-9308-37D5-795A-86B34C11C0B9" value="true"/>
</engineerTo>
<adequatelyNormalized>NO</adequatelyNormalized>
<expectedVolumes>0</expectedVolumes>
<fwdEngineeringStrategyName>Single Table</fwdEngineeringStrategyName>
<growthPercent>0</growthPercent>
<growthType>Year</growthType>
<maxVolumes>9999999</maxVolumes>
<minVolumes>0</minVolumes>
<normalForm>Third</normalForm>
<attributes itemClass="oracle.dbtools.crest.model.design.logical.Attribute">
<Attribute name="id pago" id="E089C678-0152-A06D-B150-F3C0DEAC0D70">
<createdBy>Fnix</createdBy>
<createdTime>2025-09-16 02:03:05 UTC</createdTime>
<generatorID>2DFCFDB7-46B8-F38F-14F3-147651FA6111</generatorID>
<ownerDesignName>San_fernando</ownerDesignName>
<engineerTo>
<item key="4C5E27B3-9308-37D5-795A-86B34C11C0B9" value="true"/>
</engineerTo>
<use>0</use>
<logicalDatatype>LOGDT019</logicalDatatype>
<domain>1BD4D9BE-2231-9BB3-AD19-59DF3FB6E10D</domain>
<ownDataTypeParameters>,,</ownDataTypeParameters>
</Attribute>
<Attribute name="id atencion" id="7DFB2ED0-C446-1ACB-472A-87D545E7377A">
<createdBy>Fnix</createdBy>
<createdTime>2025-09-16 02:03:05 UTC</createdTime>
<generatorID>3E6E2FBF-984D-CCB6-8D1A-9FDD9807B93C</generatorID>
<ownerDesignName>San_fernando</ownerDesignName>
<engineerTo>
<item key="4C5E27B3-9308-37D5-795A-86B34C11C0B9" value="true"/>
</engineerTo>
<referedAttribute>E5F15FC9-255E-3A40-A72F-21069C15D882</referedAttribute>
<use>0</use>
<logicalDatatype>LOGDT019</logicalDatatype>
<domain>1BD4D9BE-2231-9BB3-AD19-59DF3FB6E10D</domain>
<ownDataTypeParameters>,,</ownDataTypeParameters>
</Attribute>
<Attribute name="monto" id="26B38489-8372-CF89-6FD9-321A82518AB3">
<createdBy>Fnix</createdBy>
<createdTime>2025-09-16 02:03:05 UTC</createdTime>
<generatorID>FFAE7339-720A-4B94-38DE-D528D9EE03CC</generatorID>
<ownerDesignName>San_fernando</ownerDesignName>
<engineerTo>
<item key="4C5E27B3-9308-37D5-795A-86B34C11C0B9" value="true"/>
</engineerTo>
<use>0</use>
<logicalDatatype>LOGDT019</logicalDatatype>
<domain>459EA068-F3C0-BE88-8590-92876C7893D8</domain>
<ownDataTypeParameters>,,</ownDataTypeParameters>
</Attribute>
<Attribute name="tipo pago" id="80548738-FBB7-20EA-7CBE-5240FB7024A2">
<createdBy>Fnix</createdBy>
<createdTime>2025-09-16 02:03:05 UTC</createdTime>
<generatorID>A503B382-625B-6700-FE9B-1DA862A55A01</generatorID>
<ownerDesignName>San_fernando</ownerDesignName>
<engineerTo>
<item key="4C5E27B3-9308-37D5-795A-86B34C11C0B9" value="true"/>
</engineerTo>
<use>0</use>
<logicalDatatype>LOGDT024</logicalDatatype>
<domain>0B009B3E-F3D2-D008-320C-551979BDCA3D</domain>
<ownDataTypeParameters>,,</ownDataTypeParameters>
</Attribute>
<Attribute name="fecha pago" id="DB5BF6B0-CC7A-1AF5-F5DE-2C2B00652DCC">
<createdBy>Fnix</createdBy>
<createdTime>2025-09-16 02:03:05 UTC</createdTime>
<generatorID>55DEB483-3DFA-FA0B-BBD4-9D8438638385</generatorID>
<ownerDesignName>San_fernando</ownerDesignName>
<engineerTo>
<item key="4C5E27B3-9308-37D5-795A-86B34C11C0B9" value="true"/>
</engineerTo>
<use>0</use>
<logicalDatatype>LOGDT007</logicalDatatype>
<domain>3152627F-8579-E110-0584-E8A6C6DC5CCE</domain>
<ownDataTypeParameters>,,</ownDataTypeParameters>
</Attribute>
</attributes>
<identifiers itemClass="oracle.dbtools.crest.model.design.logical.CandidateKey">
<identifier id="955B5ABA-A573-F49F-72B8-1D6EF6FA31BA" name="PAGO ATENCION PK">
<createdBy>Fnix</createdBy>
<createdTime>2025-09-16 02:03:05 UTC</createdTime>
<generatorID>24FB5A19-7C41-9E64-3731-FFD3C1805393</generatorID>
<ownerDesignName>San_fernando</ownerDesignName>
<engineerTo>
<item key="4C5E27B3-9308-37D5-795A-86B34C11C0B9" value="true"/>
</engineerTo>
<pk>true</pk>
<usedAttributes>
<attributeRef>E089C678-0152-A06D-B150-F3C0DEAC0D70</attributeRef>
</usedAttributes>
</identifier>
</identifiers>
</Entity>