<?xml version = '1.0' encoding = 'UTF-8'?>
<Entity class="oracle.dbtools.crest.model.design.logical.Entity" directorySegmentName="seg_0" id="A78A0FBA-9BEB-6F3A-A786-F0621509D2CB" name="EXAMEN LABORATORIO">
<createdBy>Fnix</createdBy>
<createdTime>2025-09-16 02:01:29 UTC</createdTime>
<generatorID>FDD5A482-1CD1-2949-D6C6-58D51DA6A57B</generatorID>
<ownerDesignName>San_fernando</ownerDesignName>
<engineerTo>
<item key="4C5E27B3-9308-37D5-795A-86B34C11C0B9" value="true"/>
</engineerTo>
<adequatelyNormalized>NO</adequatelyNormalized>
<expectedVolumes>0</expectedVolumes>
<fwdEngineeringStrategyName>Single Table</fwdEngineeringStrategyName>
<growthPercent>0</growthPercent>
<growthType>Year</growthType>
<maxVolumes>9999999</maxVolumes>
<minVolumes>0</minVolumes>
<normalForm>Third</normalForm>
<attributes itemClass="oracle.dbtools.crest.model.design.logical.Attribute">
<Attribute name="id examen" id="EA7FDAAA-6740-7708-0292-330F45AFA298">
<createdBy>Fnix</createdBy>
<createdTime>2025-09-16 02:01:29 UTC</createdTime>
<generatorID>0A714E2B-830F-CCCD-D3B1-071F66C9B7A5</generatorID>
<ownerDesignName>San_fernando</ownerDesignName>
<engineerTo>
<item key="4C5E27B3-9308-37D5-795A-86B34C11C0B9" value="true"/>
</engineerTo>
<use>0</use>
<logicalDatatype>LOGDT019</logicalDatatype>
<domain>1BD4D9BE-2231-9BB3-AD19-59DF3FB6E10D</domain>
<ownDataTypeParameters>,,</ownDataTypeParameters>
</Attribute>
<Attribute name="nombre examen" id="2CB2877C-D6B6-23E0-316E-A1F240F3395C">
<createdBy>Fnix</createdBy>
<createdTime>2025-09-16 02:01:29 UTC</createdTime>
<generatorID>C14044D0-040F-FD69-7FE0-2A8955A3B925</generatorID>
<ownerDesignName>San_fernando</ownerDesignName>
<engineerTo>
<item key="4C5E27B3-9308-37D5-795A-86B34C11C0B9" value="true"/>
</engineerTo>
<use>0</use>
<logicalDatatype>LOGDT024</logicalDatatype>
<domain>EC82D9E8-A905-F2C9-5027-FE81E5990ECF</domain>
<ownDataTypeParameters>,,</ownDataTypeParameters>
</Attribute>
<Attribute name="tipo muestra" id="47930214-69DF-290E-14B6-B2AB84CFCED2">
<createdBy>Fnix</createdBy>
<createdTime>2025-09-16 02:01:29 UTC</createdTime>
<generatorID>77432C60-EDDA-8E7C-9E0A-F0CAB491945C</generatorID>
<ownerDesignName>San_fernando</ownerDesignName>
<engineerTo>
<item key="4C5E27B3-9308-37D5-795A-86B34C11C0B9" value="true"/>
</engineerTo>
<use>0</use>
<logicalDatatype>LOGDT024</logicalDatatype>
<domain>EC82D9E8-A905-F2C9-5027-FE81E5990ECF</domain>
<ownDataTypeParameters>,,</ownDataTypeParameters>
</Attribute>
<Attribute name="condiciones" id="AD9B7A91-CB3C-74E6-9C02-185577F6FBEE">
<createdBy>Fnix</createdBy>
<createdTime>2025-09-16 02:01:29 UTC</createdTime>
<generatorID>5EB2E53D-98DB-15ED-5D4B-8EEEFC002ABD</generatorID>
<ownerDesignName>San_fernando</ownerDesignName>
<engineerTo>
<item key="4C5E27B3-9308-37D5-795A-86B34C11C0B9" value="true"/>
</engineerTo>
<nullsAllowed>true</nullsAllowed>
<use>0</use>
<logicalDatatype>LOGDT024</logicalDatatype>
<domain>A271E82C-8246-8E0E-2BBC-DD0F1FDC4349</domain>
<ownDataTypeParameters>,,</ownDataTypeParameters>
</Attribute>
</attributes>
<identifiers itemClass="oracle.dbtools.crest.model.design.logical.CandidateKey">
<identifier id="AD6FCB83-4E79-5E34-2A0B-651E8071E6B6" name="EXAMEN LABORATORIO PK">
<createdBy>Fnix</createdBy>
<createdTime>2025-09-16 02:01:29 UTC</createdTime>
<generatorID>73B717E7-0249-7D23-2499-C57A4DB5FF39</generatorID>
<ownerDesignName>San_fernando</ownerDesignName>
<engineerTo>
<item key="4C5E27B3-9308-37D5-795A-86B34C11C0B9" value="true"/>
</engineerTo>
<pk>true</pk>
<usedAttributes>
<attributeRef>EA7FDAAA-6740-7708-0292-330F45AFA298</attributeRef>
</usedAttributes>
</identifier>
</identifiers>
</Entity>