<?xml version = '1.0' encoding = 'UTF-8'?>
<Entity class="oracle.dbtools.crest.model.design.logical.Entity" directorySegmentName="seg_0" id="E79C13FE-9839-DE70-0C8C-D650F595C68A" name="PACIENTE">
<createdBy>Fnix</createdBy>
<createdTime>2025-09-16 02:01:29 UTC</createdTime>
<generatorID>2D54904A-E0DE-8CF7-226D-A38B6DBE091C</generatorID>
<ownerDesignName>San_fernando</ownerDesignName>
<engineerTo>
<item key="4C5E27B3-9308-37D5-795A-86B34C11C0B9" value="true"/>
</engineerTo>
<adequatelyNormalized>NO</adequatelyNormalized>
<expectedVolumes>0</expectedVolumes>
<fwdEngineeringStrategyName>Single Table</fwdEngineeringStrategyName>
<growthPercent>0</growthPercent>
<growthType>Year</growthType>
<maxVolumes>9999999</maxVolumes>
<minVolumes>0</minVolumes>
<normalForm>Third</normalForm>
<attributes itemClass="oracle.dbtools.crest.model.design.logical.Attribute">
<Attribute name="rut paciente" id="81BDD597-B9CA-2D3A-763E-62343694C3B2">
<createdBy>Fnix</createdBy>
<createdTime>2025-09-16 02:01:29 UTC</createdTime>
<generatorID>62AA4C30-E413-3509-001E-F9E851BE81A8</generatorID>
<ownerDesignName>San_fernando</ownerDesignName>
<engineerTo>
<item key="4C5E27B3-9308-37D5-795A-86B34C11C0B9" value="true"/>
</engineerTo>
<use>0</use>
<logicalDatatype>LOGDT024</logicalDatatype>
<domain>EAF353C2-7F8E-64A8-49BF-1476D2042732</domain>
<ownDataTypeParameters>,,</ownDataTypeParameters>
</Attribute>
<Attribute name="nombre" id="DB14876E-16F7-39FA-EF8D-EBAC54F362C1">
<createdBy>Fnix</createdBy>
<createdTime>2025-09-16 02:01:29 UTC</createdTime>
<generatorID>D8147C21-807E-3BC1-B10E-5633A15675C6</generatorID>
<ownerDesignName>San_fernando</ownerDesignName>
<engineerTo>
<item key="4C5E27B3-9308-37D5-795A-86B34C11C0B9" value="true"/>
</engineerTo>
<use>0</use>
<logicalDatatype>LOGDT024</logicalDatatype>
<domain>EC82D9E8-A905-F2C9-5027-FE81E5990ECF</domain>
<ownDataTypeParameters>,,</ownDataTypeParameters>
</Attribute>
<Attribute name="sexo" id="88F35BA6-8EF4-916E-82CF-39E06560B06B">
<createdBy>Fnix</createdBy>
<createdTime>2025-09-16 02:01:29 UTC</createdTime>
<generatorID>BA3CEE3E-D695-0E7A-507D-D9C6DD56B59E</generatorID>
<ownerDesignName>San_fernando</ownerDesignName>
<engineerTo>
<item key="4C5E27B3-9308-37D5-795A-86B34C11C0B9" value="true"/>
</engineerTo>
<use>0</use>
<logicalDatatype>LOGDT025</logicalDatatype>
<domain>3FDCB95E-BD12-803F-973C-9124609323D5</domain>
<ownDataTypeParameters>,,</ownDataTypeParameters>
</Attribute>
<Attribute name="fecha nacimiento" id="24737FCD-54DE-F42A-D610-A90A1B991209">
<createdBy>Fnix</createdBy>
<createdTime>2025-09-16 02:01:29 UTC</createdTime>
<generatorID>E7E0CB47-CFB8-A106-DFDF-3818E59CC2F2</generatorID>
<ownerDesignName>San_fernando</ownerDesignName>
<engineerTo>
<item key="4C5E27B3-9308-37D5-795A-86B34C11C0B9" value="true"/>
</engineerTo>
<use>0</use>
<logicalDatatype>LOGDT007</logicalDatatype>
<domain>3152627F-8579-E110-0584-E8A6C6DC5CCE</domain>
<ownDataTypeParameters>,,</ownDataTypeParameters>
</Attribute>
<Attribute name="direccion" id="BA689CD8-836B-CE01-6BD8-82E0E0F6D5D4">
<createdBy>Fnix</createdBy>
<createdTime>2025-09-16 02:01:29 UTC</createdTime>
<generatorID>58FB345C-20E7-9738-A447-DB94D6DC64F2</generatorID>
<ownerDesignName>San_fernando</ownerDesignName>
<engineerTo>
<item key="4C5E27B3-9308-37D5-795A-86B34C11C0B9" value="true"/>
</engineerTo>
<nullsAllowed>true</nullsAllowed>
<use>0</use>
<logicalDatatype>LOGDT024</logicalDatatype>
<domain>A271E82C-8246-8E0E-2BBC-DD0F1FDC4349</domain>
<ownDataTypeParameters>,,</ownDataTypeParameters>
</Attribute>
<Attribute name="telefono" id="DACEFD2E-5555-10BD-349E-37832D99B062">
<createdBy>Fnix</createdBy>
<createdTime>2025-09-16 02:01:29 UTC</createdTime>
<generatorID>B6CE5C4E-96AE-5419-C00E-D9C477064D06</generatorID>
<ownerDesignName>San_fernando</ownerDesignName>
<engineerTo>
<item key="4C5E27B3-9308-37D5-795A-86B34C11C0B9" value="true"/>
</engineerTo>
<nullsAllowed>true</nullsAllowed>
<use>0</use>
<logicalDatatype>LOGDT024</logicalDatatype>
<domain>7711852A-8EB5-5A4E-F0EB-3BFF0154DB13</domain>
<ownDataTypeParameters>,,</ownDataTypeParameters>
</Attribute>
<Attribute name="tipo usuario" id="C4D0C69F-3540-58D8-36B6-45A99D213688">
<createdBy>Fnix</createdBy>
<createdTime>2025-09-16 02:01:29 UTC</createdTime>
<generatorID>32EAD2AE-BAB3-84B6-547D-ABE71F94F7CC</generatorID>
<ownerDesignName>San_fernando</ownerDesignName>
<engineerTo>
<item key="4C5E27B3-9308-37D5-795A-86B34C11C0B9" value="true"/>
</engineerTo>
<use>0</use>
<logicalDatatype>LOGDT024</logicalDatatype>
<domain>0B009B3E-F3D2-D008-320C-551979BDCA3D</domain>
<ownDataTypeParameters>,,</ownDataTypeParameters>
</Attribute>
<Attribute name="id comuna" id="246DA1FB-CB49-F8AA-6266-2EB8AD1FE055">
<createdBy>Fnix</createdBy>
<createdTime>2025-09-16 02:01:29 UTC</createdTime>
<generatorID>AFA3A66C-3D1C-0E51-56CA-9CACE0FF824B</generatorID>
<ownerDesignName>San_fernando</ownerDesignName>
<engineerTo>
<item key="4C5E27B3-9308-37D5-795A-86B34C11C0B9" value="true"/>
</engineerTo>
<referedAttribute>ADAED2AA-8D48-F075-2D2A-40DEB11555F5</referedAttribute>
<use>0</use>
<logicalDatatype>LOGDT019</logicalDatatype>
<domain>1BD4D9BE-2231-9BB3-AD19-59DF3FB6E10D</domain>
<ownDataTypeParameters>,,</ownDataTypeParameters>
</Attribute>
</attributes>
<identifiers itemClass="oracle.dbtools.crest.model.design.logical.CandidateKey">
<identifier id="7F9A9E12-A14E-EDA6-EFE8-75A849A37BB0" name="PACIENTE PK">
<createdBy>Fnix</createdBy>
<createdTime>2025-09-16 02:01:29 UTC</createdTime>
<generatorID>7D21068E-0F06-0227-0FFA-5FDEF2F5174D</generatorID>
<ownerDesignName>San_fernando</ownerDesignName>
<engineerTo>
<item key="4C5E27B3-9308-37D5-795A-86B34C11C0B9" value="true"/>
</engineerTo>
<pk>true</pk>
<usedAttributes>
<attributeRef>81BDD597-B9CA-2D3A-763E-62343694C3B2</attributeRef>
</usedAttributes>
</identifier>
</identifiers>
</Entity>