<?xml version = '1.0' encoding = 'UTF-8'?>
<Entity class="oracle.dbtools.crest.model.design.logical.Entity" directorySegmentName="seg_0" id="F1AD0539-2CA8-5AB0-5011-220DBBCF33AD" name="ATENCION MEDICA">
<createdBy>Fnix</createdBy>
<createdTime>2025-09-16 02:03:05 UTC</createdTime>
<generatorID>311DB7FC-D52C-4835-1DFC-048537993D30</generatorID>
<ownerDesignName>San_fernando</ownerDesignName>
<engineerTo>
<item key="4C5E27B3-9308-37D5-795A-86B34C11C0B9" value="true"/>
</engineerTo>
<adequatelyNormalized>NO</adequatelyNormalized>
<expectedVolumes>0</expectedVolumes>
<fwdEngineeringStrategyName>Single Table</fwdEngineeringStrategyName>
<growthPercent>0</growthPercent>
<growthType>Year</growthType>
<maxVolumes>9999999</maxVolumes>
<minVolumes>0</minVolumes>
<normalForm>Third</normalForm>
<attributes itemClass="oracle.dbtools.crest.model.design.logical.Attribute">
<Attribute name="id atencion" id="E5F15FC9-255E-3A40-A72F-21069C15D882">
<createdBy>Fnix</createdBy>
<createdTime>2025-09-16 02:03:05 UTC</createdTime>
<generatorID>A610128A-565C-9670-AC3F-7F1B2DE1C346</generatorID>
<ownerDesignName>San_fernando</ownerDesignName>
<engineerTo>
<item key="4C5E27B3-9308-37D5-795A-86B34C11C0B9" value="true"/>
</engineerTo>
<use>0</use>
<logicalDatatype>LOGDT019</logicalDatatype>
<domain>1BD4D9BE-2231-9BB3-AD19-59DF3FB6E10D</domain>
<ownDataTypeParameters>,,</ownDataTypeParameters>
</Attribute>
<Attribute name="rut paciente" id="F0EE7884-F93D-C9E9-5039-7D914DD749B1">
<createdBy>Fnix</createdBy>
<createdTime>2025-09-16 02:03:05 UTC</createdTime>
<generatorID>D9DB421A-0A86-3478-326F-0337E55791C7</generatorID>
<ownerDesignName>San_fernando</ownerDesignName>
<engineerTo>
<item key="4C5E27B3-9308-37D5-795A-86B34C11C0B9" value="true"/>
</engineerTo>
<referedAttribute>81BDD597-B9CA-2D3A-763E-62343694C3B2</referedAttribute>
<use>0</use>
<logicalDatatype>LOGDT024</logicalDatatype>
<domain>EAF353C2-7F8E-64A8-49BF-1476D2042732</domain>
<ownDataTypeParameters>,,</ownDataTypeParameters>
</Attribute>
<Attribute name="rut medico" id="1E1B1984-6999-6E33-5E22-0566AEE81F66">
<createdBy>Fnix</createdBy>
<createdTime>2025-09-16 02:03:05 UTC</createdTime>
<generatorID>2CF9D735-10B5-FE62-CE29-A5B5901D52E8</generatorID>
<ownerDesignName>San_fernando</ownerDesignName>
<engineerTo>
<item key="4C5E27B3-9308-37D5-795A-86B34C11C0B9" value="true"/>
</engineerTo>
<referedAttribute>66DEA337-85BD-D07D-A9F5-73AED3449734</referedAttribute>
<use>0</use>
<logicalDatatype>LOGDT024</logicalDatatype>
<domain>EAF353C2-7F8E-64A8-49BF-1476D2042732</domain>
<ownDataTypeParameters>,,</ownDataTypeParameters>
</Attribute>
<Attribute name="fecha atencion" id="32DEAD93-70BD-6AFA-C15C-D7841C2CD929">
<createdBy>Fnix</createdBy>
<createdTime>2025-09-16 02:03:05 UTC</createdTime>
<generatorID>E66D54E0-4425-5159-7F6C-34F1FC240F24</generatorID>
<ownerDesignName>San_fernando</ownerDesignName>
<engineerTo>
<item key="4C5E27B3-9308-37D5-795A-86B34C11C0B9" value="true"/>
</engineerTo>
<use>0</use>
<logicalDatatype>LOGDT007</logicalDatatype>
<domain>3152627F-8579-E110-0584-E8A6C6DC5CCE</domain>
<ownDataTypeParameters>,,</ownDataTypeParameters>
</Attribute>
<Attribute name="tipo atencion" id="0D5A7D03-C2C7-3FEF-9770-BA5D93347FA5">
<createdBy>Fnix</createdBy>
<createdTime>2025-09-16 02:03:05 UTC</createdTime>
<generatorID>CA4AA71E-5ED6-C4F2-941F-570A393BD203</generatorID>
<ownerDesignName>San_fernando</ownerDesignName>
<engineerTo>
<item key="4C5E27B3-9308-37D5-795A-86B34C11C0B9" value="true"/>
</engineerTo>
<use>0</use>
<logicalDatatype>LOGDT024</logicalDatatype>
<domain>0B009B3E-F3D2-D008-320C-551979BDCA3D</domain>
<ownDataTypeParameters>,,</ownDataTypeParameters>
</Attribute>
<Attribute name="diagnostico" id="6CC543F8-C3C4-0C6F-D92C-6509FE210999">
<createdBy>Fnix</createdBy>
<createdTime>2025-09-16 02:03:05 UTC</createdTime>
<generatorID>A1D9B5ED-7EDC-316B-B9D1-E807A56C4348</generatorID>
<ownerDesignName>San_fernando</ownerDesignName>
<engineerTo>
<item key="4C5E27B3-9308-37D5-795A-86B34C11C0B9" value="true"/>
</engineerTo>
<nullsAllowed>true</nullsAllowed>
<use>0</use>
<logicalDatatype>LOGDT024</logicalDatatype>
<domain>39B291D8-4E10-6D50-0F3C-78CF70B25215</domain>
<ownDataTypeParameters>,,</ownDataTypeParameters>
</Attribute>
</attributes>
<identifiers itemClass="oracle.dbtools.crest.model.design.logical.CandidateKey">
<identifier id="39CF45DA-8B4C-D6E7-5C76-DC3674413F89" name="ATENCION MEDICA PK">
<createdBy>Fnix</createdBy>
<createdTime>2025-09-16 02:03:05 UTC</createdTime>
<generatorID>BA20FE65-7EA2-311F-0949-C000439B4D31</generatorID>
<ownerDesignName>San_fernando</ownerDesignName>
<engineerTo>
<item key="4C5E27B3-9308-37D5-795A-86B34C11C0B9" value="true"/>
</engineerTo>
<pk>true</pk>
<usedAttributes>
<attributeRef>E5F15FC9-255E-3A40-A72F-21069C15D882</attributeRef>
</usedAttributes>
</identifier>
</identifiers>
</Entity>