<?xml version = '1.0' encoding = 'UTF-8'?>
<Diagram class="oracle.dbtools.crest.swingui.relational.DPVRelational" name="Relational_1" id="EB91F5DD-7E8D-0A5B-D4B7-AB5B9FFC9B1F">
<createdBy>Fnix</createdBy>
<modifiedBy>Fnix</modifiedBy>
<createdTime>2025-09-16 01:56:13 UTC</createdTime>
<autoRoute>false</autoRoute>
<boxInbox>true</boxInbox>
<showLegend>false</showLegend>
<showLabels>false</showLabels>
<showRelAttributes>false</showRelAttributes>
<gridEnabled>false</gridEnabled>
<showGrid>false</showGrid>
<diagramColor>-1</diagramColor>
<display>false</display>
<notation>1</notation>
<objectViews>
<OView class="oracle.dbtools.crest.swingui.relational.TVTable" oid="120BF468-4E89-7C8C-4A45-DAA66FBCD4CA" otype="Table" vid="E785DB9D-A559-0816-7562-0F410D408EB6">
<hideElementsInCurrentOnly>false</hideElementsInCurrentOnly>
<bounds x="927" y="482" width="216" height="108"/>
</OView>
<OView class="oracle.dbtools.crest.swingui.relational.TVTable" oid="2D54904A-E0DE-8CF7-226D-A38B6DBE091C" otype="Table" vid="5AF8B82C-10C6-0C41-AA2F-291C833CC300">
<hideElementsInCurrentOnly>false</hideElementsInCurrentOnly>
<bounds x="927" y="244" width="228" height="178"/>
</OView>
<OView class="oracle.dbtools.crest.swingui.relational.TVTable" oid="311DB7FC-D52C-4835-1DFC-048537993D30" otype="Table" vid="325F5914-5F67-9FC7-0173-4BBED3BCDC35">
<hideElementsInCurrentOnly>false</hideElementsInCurrentOnly>
<bounds x="292" y="244" width="220" height="164"/>
</OView>
<OView class="oracle.dbtools.crest.swingui.relational.TVTable" oid="39EE4054-6CFF-8846-2B8F-340CB4DAACF9" otype="Table" vid="83A10AFC-C5AD-CBFF-E9E5-3B35B239E930">
<hideElementsInCurrentOnly>false</hideElementsInCurrentOnly>
<bounds x="609" y="468" width="238" height="74"/>
</OView>
<OView class="oracle.dbtools.crest.swingui.relational.TVTable" oid="3C26453E-EC44-55D5-B322-B193AF032875" otype="Table" vid="4E38ACF6-9176-0C11-F02B-1BB5FBCF69BC">
<hideElementsInCurrentOnly>false</hideElementsInCurrentOnly>
<bounds x="609" y="562" width="192" height="74"/>
</OView>
<OView class="oracle.dbtools.crest.swingui.relational.TVTable" oid="7AAB3035-1BF6-51A4-D276-9846D0863358" otype="Table" vid="69D04514-C345-0A67-BB5B-254AE9093773">
<hideElementsInCurrentOnly>false</hideElementsInCurrentOnly>
<bounds x="927" y="650" width="207" height="74"/>
</OView>
<OView class="oracle.dbtools.crest.swingui.relational.TVTable" oid="8DBFD2A5-4749-AA9B-D8A6-E24995BB8658" otype="Table" vid="4137A1A5-B80F-EF48-FFDA-2A62928686BB">
<hideElementsInCurrentOnly>false</hideElementsInCurrentOnly>
<bounds x="20" y="468" width="192" height="136"/>
</OView>
<OView class="oracle.dbtools.crest.swingui.relational.TVTable" oid="9246D2DF-F219-4E04-CA16-F9692811887B" otype="Table" vid="4C82DD0C-D722-CBB9-F588-E0F83F3848D6">
<hideElementsInCurrentOnly>false</hideElementsInCurrentOnly>
<bounds x="293" y="734" width="234" height="88"/>
</OView>
<OView class="oracle.dbtools.crest.swingui.relational.TVTable" oid="97A4B55B-8F6F-12B4-59E8-ECF3B7D8210B" otype="Table" vid="85F49108-0B07-4BD2-F032-261CFED20B58">
<hideElementsInCurrentOnly>false</hideElementsInCurrentOnly>
<bounds x="292" y="20" width="224" height="164"/>
</OView>
<OView class="oracle.dbtools.crest.swingui.relational.TVTable" oid="EB08ACDA-C0E2-A2CC-EB2F-ACC30FD502ED" otype="Table" vid="E5F23FC9-C7F6-F3E1-2823-679C2C894679">
<hideElementsInCurrentOnly>false</hideElementsInCurrentOnly>
<bounds x="293" y="468" width="236" height="206"/>
</OView>
<OView class="oracle.dbtools.crest.swingui.relational.TVTable" oid="FDD5A482-1CD1-2949-D6C6-58D51DA6A57B" otype="Table" vid="D5434C35-20B9-716B-F9DA-6749087F9332">
<hideElementsInCurrentOnly>false</hideElementsInCurrentOnly>
<bounds x="596" y="20" width="242" height="102"/>
</OView>
</objectViews>
<connectors>
<Connector class="oracle.dbtools.crest.swingui.relational.TVFKRelation" oid="3DBFBD64-8701-7DD8-A62B-D811A76707A4" otype="FKIndexAssociation" vid_source="E5F23FC9-C7F6-F3E1-2823-679C2C894679" vid_target="325F5914-5F67-9FC7-0173-4BBED3BCDC35">
<hideElementsInCurrentOnly>false</hideElementsInCurrentOnly>
<backgroundColor>-16777216</backgroundColor>
<lineWidth>1</lineWidth>
<points>
<point x="402" y="468"/>
<point x="402" y="408"/>
</points>
</Connector>
<Connector class="oracle.dbtools.crest.swingui.relational.TVFKRelation" oid="4B1D0333-FFE2-37CC-2FB7-0EF93D0CA65E" otype="FKIndexAssociation" vid_source="4C82DD0C-D722-CBB9-F588-E0F83F3848D6" vid_target="E5F23FC9-C7F6-F3E1-2823-679C2C894679">
<hideElementsInCurrentOnly>false</hideElementsInCurrentOnly>
<backgroundColor>-16777216</backgroundColor>
<lineWidth>1</lineWidth>
<points>
<point x="410" y="734"/>
<point x="410" y="674"/>
</points>
</Connector>
<Connector class="oracle.dbtools.crest.swingui.relational.TVFKRelation" oid="5E0E9218-E0E2-9248-075E-7CD01DDE005D" otype="FKIndexAssociation" vid_source="4E38ACF6-9176-0C11-F02B-1BB5FBCF69BC" vid_target="E5F23FC9-C7F6-F3E1-2823-679C2C894679">
<hideElementsInCurrentOnly>false</hideElementsInCurrentOnly>
<backgroundColor>-16777216</backgroundColor>
<lineWidth>1</lineWidth>
<points>
<point x="609" y="562"/>
<point x="529" y="520"/>
</points>
</Connector>
<Connector class="oracle.dbtools.crest.swingui.relational.TVFKRelation" oid="5F35F150-64FC-DB78-06C3-FE7DEC73112E" otype="FKIndexAssociation" vid_source="E5F23FC9-C7F6-F3E1-2823-679C2C894679" vid_target="E5F23FC9-C7F6-F3E1-2823-679C2C894679">
<hideElementsInCurrentOnly>false</hideElementsInCurrentOnly>
<backgroundColor>-16777216</backgroundColor>
<lineWidth>1</lineWidth>
<points>
<point x="293" y="468"/>
<point x="293" y="468"/>
</points>
</Connector>
<Connector class="oracle.dbtools.crest.swingui.relational.TVFKRelation" oid="622E54B9-EB14-BA78-6E0E-FC73FF63ACAD" otype="FKIndexAssociation" vid_source="69D04514-C345-0A67-BB5B-254AE9093773" vid_target="E785DB9D-A559-0816-7562-0F410D408EB6">
<hideElementsInCurrentOnly>false</hideElementsInCurrentOnly>
<backgroundColor>-16777216</backgroundColor>
<lineWidth>1</lineWidth>
<points>
<point x="1030" y="650"/>
<point x="1030" y="590"/>
</points>
</Connector>
<Connector class="oracle.dbtools.crest.swingui.relational.TVFKRelation" oid="6BE5A019-25AC-95E2-CE4E-342DB724D62D" otype="FKIndexAssociation" vid_source="5AF8B82C-10C6-0C41-AA2F-291C833CC300" vid_target="325F5914-5F67-9FC7-0173-4BBED3BCDC35">
<hideElementsInCurrentOnly>false</hideElementsInCurrentOnly>
<backgroundColor>-16777216</backgroundColor>
<lineWidth>1</lineWidth>
<points>
<point x="927" y="326"/>
<point x="512" y="326"/>
</points>
</Connector>
<Connector class="oracle.dbtools.crest.swingui.relational.TVFKRelation" oid="74DBC79E-4AC3-E5F6-6637-C3BC6E896590" otype="FKIndexAssociation" vid_source="D5434C35-20B9-716B-F9DA-6749087F9332" vid_target="85F49108-0B07-4BD2-F032-261CFED20B58">
<hideElementsInCurrentOnly>false</hideElementsInCurrentOnly>
<backgroundColor>-16777216</backgroundColor>
<lineWidth>1</lineWidth>
<points>
<point x="596" y="71"/>
<point x="516" y="71"/>
</points>
</Connector>
<Connector class="oracle.dbtools.crest.swingui.relational.TVFKRelation" oid="75D86F10-1739-90A7-30AD-4118F05AF94A" otype="FKIndexAssociation" vid_source="325F5914-5F67-9FC7-0173-4BBED3BCDC35" vid_target="4137A1A5-B80F-EF48-FFDA-2A62928686BB">
<hideElementsInCurrentOnly>false</hideElementsInCurrentOnly>
<backgroundColor>-16777216</backgroundColor>
<lineWidth>1</lineWidth>
<points>
<point x="292" y="406"/>
<point x="208" y="468"/>
</points>
</Connector>
<Connector class="oracle.dbtools.crest.swingui.relational.TVFKRelation" oid="ECD4E3D3-062E-BDE2-B283-479365BE5155" otype="FKIndexAssociation" vid_source="325F5914-5F67-9FC7-0173-4BBED3BCDC35" vid_target="85F49108-0B07-4BD2-F032-261CFED20B58">
<hideElementsInCurrentOnly>false</hideElementsInCurrentOnly>
<backgroundColor>-16777216</backgroundColor>
<lineWidth>1</lineWidth>
<points>
<point x="402" y="244"/>
<point x="402" y="184"/>
</points>
</Connector>
<Connector class="oracle.dbtools.crest.swingui.relational.TVFKRelation" oid="F4398ADC-8F2B-0AAB-742F-E4A8F91FE54B" otype="FKIndexAssociation" vid_source="E785DB9D-A559-0816-7562-0F410D408EB6" vid_target="5AF8B82C-10C6-0C41-AA2F-291C833CC300">
<hideElementsInCurrentOnly>false</hideElementsInCurrentOnly>
<backgroundColor>-16777216</backgroundColor>
<lineWidth>1</lineWidth>
<points>
<point x="1035" y="482"/>
<point x="1035" y="422"/>
</points>
</Connector>
<Connector class="oracle.dbtools.crest.swingui.relational.TVFKRelation" oid="FE919A29-4C2F-E5B3-CCD6-CD8630419A1E" otype="FKIndexAssociation" vid_source="83A10AFC-C5AD-CBFF-E9E5-3B35B239E930" vid_target="E5F23FC9-C7F6-F3E1-2823-679C2C894679">
<hideElementsInCurrentOnly>false</hideElementsInCurrentOnly>
<backgroundColor>-16777216</backgroundColor>
<lineWidth>1</lineWidth>
<points>
<point x="609" y="542"/>
<point x="529" y="599"/>
</points>
</Connector>
</connectors>
</Diagram>