<?xml version = '1.0' encoding = 'UTF-8'?>
<Relation class="oracle.dbtools.crest.model.design.logical.Relation" name="fk_atencion_medico" directorySegmentName="seg_0" id="2CF9D735-10B5-FE62-CE29-A5B5901D52E8">
<createdBy>Fnix</createdBy>
<createdTime>2025-09-16 02:03:05 UTC</createdTime>
<generatorID>3DBFBD64-8701-7DD8-A62B-D811A76707A4</generatorID>
<ownerDesignName>San_fernando</ownerDesignName>
<engineerTo>
<item key="4C5E27B3-9308-37D5-795A-86B34C11C0B9" value="true"/>
</engineerTo>
<sourcePk>51E22263-7EE5-CCFD-9527-2B3ABFBAA4C7</sourcePk>
<identifying>false</identifying>
<optionalSource>true</optionalSource>
<optionalTarget>false</optionalTarget>
<sourceCardinality>1</sourceCardinality>
<sourceEntity>0D14136C-33DA-EC49-20F2-9FD7E52AF3F6</sourceEntity>
<targetCardinalityString>*</targetCardinalityString>
<targetEntity>F1AD0539-2CA8-5AB0-5011-220DBBCF33AD</targetEntity>
<transferable>true</transferable>
<deleteRule>NO ACTION</deleteRule>
</Relation>