<?xml version = '1.0' encoding = 'UTF-8'?>
<Relation class="oracle.dbtools.crest.model.design.logical.Relation" name="fk_solicitud_examen" directorySegmentName="seg_0" id="3B2E8B0F-B998-2F37-23D5-F3B8AE587ADD">
<createdBy>Fnix</createdBy>
<createdTime>2025-09-16 02:03:05 UTC</createdTime>
<generatorID>74DBC79E-4AC3-E5F6-6637-C3BC6E896590</generatorID>
<ownerDesignName>San_fernando</ownerDesignName>
<engineerTo>
<item key="4C5E27B3-9308-37D5-795A-86B34C11C0B9" value="true"/>
</engineerTo>
<sourcePk>AD6FCB83-4E79-5E34-2A0B-651E8071E6B6</sourcePk>
<identifying>false</identifying>
<optionalSource>true</optionalSource>
<optionalTarget>false</optionalTarget>
<sourceCardinality>1</sourceCardinality>
<sourceEntity>A78A0FBA-9BEB-6F3A-A786-F0621509D2CB</sourceEntity>
<targetCardinalityString>*</targetCardinalityString>
<targetEntity>7B9C9FC5-7303-9D4C-F55A-CE052BF82A0F</targetEntity>
<transferable>true</transferable>
<deleteRule>NO ACTION</deleteRule>
</Relation>