<?xml version = '1.0' encoding = 'UTF-8'?>
<Relation class="oracle.dbtools.crest.model.design.logical.Relation" name="fk_pago_atencion" directorySegmentName="seg_0" id="3E6E2FBF-984D-CCB6-8D1A-9FDD9807B93C">
<createdBy>Fnix</createdBy>
<createdTime>2025-09-16 02:03:05 UTC</createdTime>
<generatorID>75D86F10-1739-90A7-30AD-4118F05AF94A</generatorID>
<ownerDesignName>San_fernando</ownerDesignName>
<engineerTo>
<item key="4C5E27B3-9308-37D5-795A-86B34C11C0B9" value="true"/>
</engineerTo>
<sourcePk>39CF45DA-8B4C-D6E7-5C76-DC3674413F89</sourcePk>
<identifying>false</identifying>
<optionalSource>true</optionalSource>
<optionalTarget>false</optionalTarget>
<sourceCardinality>1</sourceCardinality>
<sourceEntity>F1AD0539-2CA8-5AB0-5011-220DBBCF33AD</sourceEntity>
<targetCardinalityString>*</targetCardinalityString>
<targetEntity>824EA048-ED37-99DE-587B-963B5111349B</targetEntity>
<transferable>true</transferable>
<deleteRule>NO ACTION</deleteRule>
</Relation>