<?xml version = '1.0' encoding = 'UTF-8'?>
<Relation class="oracle.dbtools.crest.model.design.logical.Relation" name="fk_medico_institucion" directorySegmentName="seg_0" id="3F534A34-23F9-05B2-1EC3-3203EFA74684">
<createdBy>Fnix</createdBy>
<createdTime>2025-09-16 02:01:29 UTC</createdTime>
<generatorID>4B1D0333-FFE2-37CC-2FB7-0EF93D0CA65E</generatorID>
<ownerDesignName>San_fernando</ownerDesignName>
<engineerTo>
<item key="4C5E27B3-9308-37D5-795A-86B34C11C0B9" value="true"/>
</engineerTo>
<sourcePk>B3836844-B33B-657D-ECD9-68C20A54BC6B</sourcePk>
<identifying>false</identifying>
<optionalSource>true</optionalSource>
<optionalTarget>true</optionalTarget>
<sourceCardinality>1</sourceCardinality>
<sourceEntity>B5B4A5E0-07C9-60AE-6036-25948555C746</sourceEntity>
<targetCardinalityString>*</targetCardinalityString>
<targetEntity>0D14136C-33DA-EC49-20F2-9FD7E52AF3F6</targetEntity>
<transferable>true</transferable>
<deleteRule>NO ACTION</deleteRule>
</Relation>