<?xml version = '1.0' encoding = 'UTF-8'?>
<Relation class="oracle.dbtools.crest.model.design.logical.Relation" name="fk_medico_afp" directorySegmentName="seg_0" id="5F87464E-A4B5-B562-30E8-47E9304731C3">
<createdBy>Fnix</createdBy>
<createdTime>2025-09-16 02:01:29 UTC</createdTime>
<generatorID>5E0E9218-E0E2-9248-075E-7CD01DDE005D</generatorID>
<ownerDesignName>San_fernando</ownerDesignName>
<engineerTo>
<item key="4C5E27B3-9308-37D5-795A-86B34C11C0B9" value="true"/>
</engineerTo>
<sourcePk>679E5BFB-4B52-5834-0146-50C2986EB3D1</sourcePk>
<identifying>false</identifying>
<optionalSource>true</optionalSource>
<optionalTarget>true</optionalTarget>
<sourceCardinality>1</sourceCardinality>
<sourceEntity>62299F1B-B973-38B6-D8F6-83C7F21805D4</sourceEntity>
<targetCardinalityString>*</targetCardinalityString>
<targetEntity>0D14136C-33DA-EC49-20F2-9FD7E52AF3F6</targetEntity>
<transferable>true</transferable>
<deleteRule>NO ACTION</deleteRule>
</Relation>