<?xml version = '1.0' encoding = 'UTF-8'?>
<Relation class="oracle.dbtools.crest.model.design.logical.Relation" name="fk_medico_especialidad" directorySegmentName="seg_0" id="A01BF234-9187-70F3-F711-17FB9102231F">
<createdBy>Fnix</createdBy>
<createdTime>2025-09-16 02:01:29 UTC</createdTime>
<generatorID>FE919A29-4C2F-E5B3-CCD6-CD8630419A1E</generatorID>
<ownerDesignName>San_fernando</ownerDesignName>
<engineerTo>
<item key="4C5E27B3-9308-37D5-795A-86B34C11C0B9" value="true"/>
</engineerTo>
<sourcePk>DB72FEDF-2424-B382-66B8-FDFF09E5CA68</sourcePk>
<identifying>false</identifying>
<optionalSource>true</optionalSource>
<optionalTarget>false</optionalTarget>
<sourceCardinality>1</sourceCardinality>
<sourceEntity>6551554F-475A-C831-8037-5722EEE18F8D</sourceEntity>
<targetCardinalityString>*</targetCardinalityString>
<targetEntity>0D14136C-33DA-EC49-20F2-9FD7E52AF3F6</targetEntity>
<transferable>true</transferable>
<deleteRule>NO ACTION</deleteRule>
</Relation>