<?xml version = '1.0' encoding = 'UTF-8'?>
<Relation class="oracle.dbtools.crest.model.design.logical.Relation" name="fk_paciente_comuna" directorySegmentName="seg_0" id="AFA3A66C-3D1C-0E51-56CA-9CACE0FF824B">
<createdBy>Fnix</createdBy>
<createdTime>2025-09-16 02:01:29 UTC</createdTime>
<generatorID>F4398ADC-8F2B-0AAB-742F-E4A8F91FE54B</generatorID>
<ownerDesignName>San_fernando</ownerDesignName>
<engineerTo>
<item key="4C5E27B3-9308-37D5-795A-86B34C11C0B9" value="true"/>
</engineerTo>
<sourcePk>7E232574-F431-E0D3-4ECB-888F84114EBE</sourcePk>
<identifying>false</identifying>
<optionalSource>true</optionalSource>
<optionalTarget>false</optionalTarget>
<sourceCardinality>1</sourceCardinality>
<sourceEntity>4216E80A-7117-89F7-49BB-ED1699F1FC49</sourceEntity>
<targetCardinalityString>*</targetCardinalityString>
<targetEntity>E79C13FE-9839-DE70-0C8C-D650F595C68A</targetEntity>
<transferable>true</transferable>
<deleteRule>NO ACTION</deleteRule>
</Relation>