<?xml version = '1.0' encoding = 'UTF-8'?>
<Relation class="oracle.dbtools.crest.model.design.logical.Relation" name="fk_comuna_region" directorySegmentName="seg_0" id="B31717C0-DB49-55B5-050D-043C7C3E6694">
<createdBy>Fnix</createdBy>
<createdTime>2025-09-16 02:01:29 UTC</createdTime>
<generatorID>622E54B9-EB14-BA78-6E0E-FC73FF63ACAD</generatorID>
<ownerDesignName>San_fernando</ownerDesignName>
<engineerTo>
<item key="4C5E27B3-9308-37D5-795A-86B34C11C0B9" value="true"/>
</engineerTo>
<sourcePk>FD95E181-55C7-F5BC-C663-74672FDAA1FC</sourcePk>
<identifying>false</identifying>
<optionalSource>true</optionalSource>
<optionalTarget>false</optionalTarget>
<sourceCardinality>1</sourceCardinality>
<sourceEntity>6E9EF0E6-C78C-863E-6299-58EFECA0C99E</sourceEntity>
<targetCardinalityString>*</targetCardinalityString>
<targetEntity>4216E80A-7117-89F7-49BB-ED1699F1FC49</targetEntity>
<transferable>true</transferable>
<deleteRule>NO ACTION</deleteRule>
</Relation>