<?xml version = '1.0' encoding = 'UTF-8'?>
<Relation class="oracle.dbtools.crest.model.design.logical.Relation" name="fk_medico_supervisor" directorySegmentName="seg_0" id="B79F8FB6-E511-17C5-031D-2CC71E51DDD2">
<createdBy>Fnix</createdBy>
<createdTime>2025-09-16 02:01:29 UTC</createdTime>
<generatorID>5F35F150-64FC-DB78-06C3-FE7DEC73112E</generatorID>
<ownerDesignName>San_fernando</ownerDesignName>
<engineerTo>
<item key="4C5E27B3-9308-37D5-795A-86B34C11C0B9" value="true"/>
</engineerTo>
<targetPk>51E22263-7EE5-CCFD-9527-2B3ABFBAA4C7</targetPk>
<identifying>false</identifying>
<optionalSource>true</optionalSource>
<optionalTarget>true</optionalTarget>
<sourceCardinality>1</sourceCardinality>
<sourceEntity>0D14136C-33DA-EC49-20F2-9FD7E52AF3F6</sourceEntity>
<targetCardinalityString>*</targetCardinalityString>
<targetEntity>0D14136C-33DA-EC49-20F2-9FD7E52AF3F6</targetEntity>
<transferable>true</transferable>
<deleteRule>NO ACTION</deleteRule>
</Relation>