<?xml version = '1.0' encoding = 'UTF-8'?>
<Relation class="oracle.dbtools.crest.model.design.logical.Relation" name="fk_solicitud_atencion" directorySegmentName="seg_0" id="C899A2C9-94C5-63AE-69AC-2E1C78E4789A">
<createdBy>Fnix</createdBy>
<createdTime>2025-09-16 02:03:05 UTC</createdTime>
<generatorID>ECD4E3D3-062E-BDE2-B283-479365BE5155</generatorID>
<ownerDesignName>San_fernando</ownerDesignName>
<engineerTo>
<item key="4C5E27B3-9308-37D5-795A-86B34C11C0B9" value="true"/>
</engineerTo>
<sourcePk>39CF45DA-8B4C-D6E7-5C76-DC3674413F89</sourcePk>
<identifying>false</identifying>
<optionalSource>true</optionalSource>
<optionalTarget>false</optionalTarget>
<sourceCardinality>1</sourceCardinality>
<sourceEntity>F1AD0539-2CA8-5AB0-5011-220DBBCF33AD</sourceEntity>
<targetCardinalityString>*</targetCardinalityString>
<targetEntity>7B9C9FC5-7303-9D4C-F55A-CE052BF82A0F</targetEntity>
<transferable>true</transferable>
<deleteRule>NO ACTION</deleteRule>
</Relation>