<?xml version = '1.0' encoding = 'UTF-8'?>
<Relation class="oracle.dbtools.crest.model.design.logical.Relation" name="fk_atencion_paciente" directorySegmentName="seg_0" id="D9DB421A-0A86-3478-326F-0337E55791C7">
<createdBy>Fnix</createdBy>
<createdTime>2025-09-16 02:03:05 UTC</createdTime>
<generatorID>6BE5A019-25AC-95E2-CE4E-342DB724D62D</generatorID>
<ownerDesignName>San_fernando</ownerDesignName>
<engineerTo>
<item key="4C5E27B3-9308-37D5-795A-86B34C11C0B9" value="true"/>
</engineerTo>
<sourcePk>7F9A9E12-A14E-EDA6-EFE8-75A849A37BB0</sourcePk>
<identifying>false</identifying>
<optionalSource>true</optionalSource>
<optionalTarget>false</optionalTarget>
<sourceCardinality>1</sourceCardinality>
<sourceEntity>E79C13FE-9839-DE70-0C8C-D650F595C68A</sourceEntity>
<targetCardinalityString>*</targetCardinalityString>
<targetEntity>F1AD0539-2CA8-5AB0-5011-220DBBCF33AD</targetEntity>
<transferable>true</transferable>
<deleteRule>NO ACTION</deleteRule>
</Relation>