<?xml version = '1.0' encoding = 'UTF-8'?>
<Diagram class="oracle.dbtools.crest.swingui.logical.DPVLogical" name="Logical" id="25E04C01-8F25-0AA8-194C-315443273DE5">
<createdBy>Fnix</createdBy>
<modifiedBy>Fnix</modifiedBy>
<createdTime>2025-09-16 02:01:29 UTC</createdTime>
<autoRoute>false</autoRoute>
<boxInbox>true</boxInbox>
<showLegend>false</showLegend>
<showLabels>false</showLabels>
<showRelAttributes>false</showRelAttributes>
<gridEnabled>false</gridEnabled>
<showGrid>false</showGrid>
<diagramColor>-1</diagramColor>
<display>false</display>
<notation>1</notation>
<objectViews>
<OView class="oracle.dbtools.crest.swingui.logical.TVEntity" oid="0D14136C-33DA-EC49-20F2-9FD7E52AF3F6" otype="Entity" vid="68EC11DA-05B0-60FF-8D51-22C552A6C571">
<hideElementsInCurrentOnly>false</hideElementsInCurrentOnly>
<bounds x="293" y="468" width="236" height="206"/>
</OView>
<OView class="oracle.dbtools.crest.swingui.logical.TVEntity" oid="4216E80A-7117-89F7-49BB-ED1699F1FC49" otype="Entity" vid="60567102-632D-C9E8-92CE-524CAE29F8D4">
<hideElementsInCurrentOnly>false</hideElementsInCurrentOnly>
<bounds x="927" y="482" width="216" height="108"/>
</OView>
<OView class="oracle.dbtools.crest.swingui.logical.TVEntity" oid="62299F1B-B973-38B6-D8F6-83C7F21805D4" otype="Entity" vid="76E272C7-B87F-1B7B-75FA-E717FB59BB2A">
<hideElementsInCurrentOnly>false</hideElementsInCurrentOnly>
<bounds x="609" y="562" width="192" height="74"/>
</OView>
<OView class="oracle.dbtools.crest.swingui.logical.TVEntity" oid="6551554F-475A-C831-8037-5722EEE18F8D" otype="Entity" vid="F7007052-7902-8B24-95F1-01371211FF6A">
<hideElementsInCurrentOnly>false</hideElementsInCurrentOnly>
<bounds x="609" y="468" width="238" height="74"/>
</OView>
<OView class="oracle.dbtools.crest.swingui.logical.TVEntity" oid="6E9EF0E6-C78C-863E-6299-58EFECA0C99E" otype="Entity" vid="12E71FD3-046D-021B-34EE-FAF82BB556CA">
<hideElementsInCurrentOnly>false</hideElementsInCurrentOnly>
<bounds x="927" y="650" width="207" height="74"/>
</OView>
<OView class="oracle.dbtools.crest.swingui.TVImage" oid="79A92199-D367-4374-3F66-8A8E09B087DA" otype="Image" imageFileName="
</>
<OView class="oracle.dbtools.crest.swingui.logical.TVEntity" oid="7B9C9FC5-7303-9D4C-F55A-CE052BF82A0F" otype="Entity" vid="A8AF1C00-4DEC-81D3-1D35-D6BE57D09141">
<hideElementsInCurrentOnly>false</hideElementsInCurrentOnly>
<bounds x="292" y="20" width="224" height="164"/>
</OView>
<OView class="oracle.dbtools.crest.swingui.logical.TVEntity" oid="824EA048-ED37-99DE-587B-963B5111349B" otype="Entity" vid="AA953BA8-6A5D-E656-E9A2-2784477E8EA6">
<hideElementsInCurrentOnly>false</hideElementsInCurrentOnly>
<bounds x="20" y="468" width="192" height="136"/>
</OView>
<OView class="oracle.dbtools.crest.swingui.logical.TVEntity" oid="A78A0FBA-9BEB-6F3A-A786-F0621509D2CB" otype="Entity" vid="13ACA83E-805A-2B6D-618B-A2C0B8765F23">
<hideElementsInCurrentOnly>false</hideElementsInCurrentOnly>
<bounds x="596" y="20" width="242" height="102"/>
</OView>
<OView class="oracle.dbtools.crest.swingui.logical.TVEntity" oid="B5B4A5E0-07C9-60AE-6036-25948555C746" otype="Entity" vid="75DA437C-C38A-1C1C-D317-2921131D18F7">
<hideElementsInCurrentOnly>false</hideElementsInCurrentOnly>
<bounds x="293" y="734" width="234" height="88"/>
</OView>
<OView class="oracle.dbtools.crest.swingui.logical.TVEntity" oid="E79C13FE-9839-DE70-0C8C-D650F595C68A" otype="Entity" vid="2B612CC3-391D-0029-5B31-C55C877A35C8">
<hideElementsInCurrentOnly>false</hideElementsInCurrentOnly>
<bounds x="927" y="244" width="228" height="178"/>
</OView>
<OView class="oracle.dbtools.crest.swingui.logical.TVEntity" oid="F1AD0539-2CA8-5AB0-5011-220DBBCF33AD" otype="Entity" vid="1DBF5086-BFC0-0758-9B7D-B1A514DBC6DC">
<hideElementsInCurrentOnly>false</hideElementsInCurrentOnly>
<bounds x="292" y="244" width="220" height="164"/>
</OView>
</objectViews>
<connectors>
<Connector class="oracle.dbtools.crest.swingui.logical.TVRelation" oid="2CF9D735-10B5-FE62-CE29-A5B5901D52E8" otype="Relation" vid_source="68EC11DA-05B0-60FF-8D51-22C552A6C571" vid_target="1DBF5086-BFC0-0758-9B7D-B1A514DBC6DC">
<hideElementsInCurrentOnly>false</hideElementsInCurrentOnly>
<backgroundColor>-16777216</backgroundColor>
<lineWidth>1</lineWidth>
<points>
<point x="402" y="468"/>
<point x="402" y="408"/>
</points>
</Connector>
<Connector class="oracle.dbtools.crest.swingui.logical.TVRelation" oid="3B2E8B0F-B998-2F37-23D5-F3B8AE587ADD" otype="Relation" vid_source="13ACA83E-805A-2B6D-618B-A2C0B8765F23" vid_target="A8AF1C00-4DEC-81D3-1D35-D6BE57D09141">
<hideElementsInCurrentOnly>false</hideElementsInCurrentOnly>
<backgroundColor>-16777216</backgroundColor>
<lineWidth>1</lineWidth>
<points>
<point x="596" y="71"/>
<point x="516" y="71"/>
</points>
</Connector>
<Connector class="oracle.dbtools.crest.swingui.logical.TVRelation" oid="3E6E2FBF-984D-CCB6-8D1A-9FDD9807B93C" otype="Relation" vid_source="1DBF5086-BFC0-0758-9B7D-B1A514DBC6DC" vid_target="AA953BA8-6A5D-E656-E9A2-2784477E8EA6">
<hideElementsInCurrentOnly>false</hideElementsInCurrentOnly>
<backgroundColor>-16777216</backgroundColor>
<lineWidth>1</lineWidth>
<points>
<point x="292" y="406"/>
<point x="193" y="468"/>
</points>
</Connector>
<Connector class="oracle.dbtools.crest.swingui.logical.TVRelation" oid="3F534A34-23F9-05B2-1EC3-3203EFA74684" otype="Relation" vid_source="75DA437C-C38A-1C1C-D317-2921131D18F7" vid_target="68EC11DA-05B0-60FF-8D51-22C552A6C571">
<hideElementsInCurrentOnly>false</hideElementsInCurrentOnly>
<backgroundColor>-16777216</backgroundColor>
<lineWidth>1</lineWidth>
<points>
<point x="410" y="734"/>
<point x="410" y="674"/>
</points>
</Connector>
<Connector class="oracle.dbtools.crest.swingui.logical.TVRelation" oid="5F87464E-A4B5-B562-30E8-47E9304731C3" otype="Relation" vid_source="76E272C7-B87F-1B7B-75FA-E717FB59BB2A" vid_target="68EC11DA-05B0-60FF-8D51-22C552A6C571">
<hideElementsInCurrentOnly>false</hideElementsInCurrentOnly>
<backgroundColor>-16777216</backgroundColor>
<lineWidth>1</lineWidth>
<points>
<point x="609" y="614"/>
<point x="529" y="614"/>
</points>
</Connector>
<Connector class="oracle.dbtools.crest.swingui.logical.TVRelation" oid="A01BF234-9187-70F3-F711-17FB9102231F" otype="Relation" vid_source="F7007052-7902-8B24-95F1-01371211FF6A" vid_target="68EC11DA-05B0-60FF-8D51-22C552A6C571">
<hideElementsInCurrentOnly>false</hideElementsInCurrentOnly>
<backgroundColor>-16777216</backgroundColor>
<lineWidth>1</lineWidth>
<points>
<point x="609" y="490"/>
<point x="529" y="490"/>
</points>
</Connector>
<Connector class="oracle.dbtools.crest.swingui.logical.TVRelation" oid="AFA3A66C-3D1C-0E51-56CA-9CACE0FF824B" otype="Relation" vid_source="60567102-632D-C9E8-92CE-524CAE29F8D4" vid_target="2B612CC3-391D-0029-5B31-C55C877A35C8">
<hideElementsInCurrentOnly>false</hideElementsInCurrentOnly>
<backgroundColor>-16777216</backgroundColor>
<lineWidth>1</lineWidth>
<points>
<point x="1035" y="482"/>
<point x="1035" y="422"/>
</points>
</Connector>
<Connector class="oracle.dbtools.crest.swingui.logical.TVRelation" oid="B31717C0-DB49-55B5-050D-043C7C3E6694" otype="Relation" vid_source="12E71FD3-046D-021B-34EE-FAF82BB556CA" vid_target="60567102-632D-C9E8-92CE-524CAE29F8D4">
<hideElementsInCurrentOnly>false</hideElementsInCurrentOnly>
<backgroundColor>-16777216</backgroundColor>
<lineWidth>1</lineWidth>
<points>
<point x="1030" y="650"/>
<point x="1030" y="590"/>
</points>
</Connector>
<Connector class="oracle.dbtools.crest.swingui.logical.TVRelation" oid="B79F8FB6-E511-17C5-031D-2CC71E51DDD2" otype="Relation" vid_source="68EC11DA-05B0-60FF-8D51-22C552A6C571" vid_target="68EC11DA-05B0-60FF-8D51-22C552A6C571">
<hideElementsInCurrentOnly>false</hideElementsInCurrentOnly>
<backgroundColor>-16777216</backgroundColor>
<lineWidth>1</lineWidth>
<points>
<point x="529" y="589"/>
<point x="604" y="589"/>
<point x="604" y="749"/>
<point x="431" y="749"/>
<point x="431" y="674"/>
</points>
</Connector>
<Connector class="oracle.dbtools.crest.swingui.logical.TVRelation" oid="C899A2C9-94C5-63AE-69AC-2E1C78E4789A" otype="Relation" vid_source="1DBF5086-BFC0-0758-9B7D-B1A514DBC6DC" vid_target="A8AF1C00-4DEC-81D3-1D35-D6BE57D09141">
<hideElementsInCurrentOnly>false</hideElementsInCurrentOnly>
<backgroundColor>-16777216</backgroundColor>
<lineWidth>1</lineWidth>
<points>
<point x="402" y="244"/>
<point x="402" y="184"/>
</points>
</Connector>
<Connector class="oracle.dbtools.crest.swingui.logical.TVRelation" oid="D9DB421A-0A86-3478-326F-0337E55791C7" otype="Relation" vid_source="2B612CC3-391D-0029-5B31-C55C877A35C8" vid_target="1DBF5086-BFC0-0758-9B7D-B1A514DBC6DC">
<hideElementsInCurrentOnly>false</hideElementsInCurrentOnly>
<backgroundColor>-16777216</backgroundColor>
<lineWidth>1</lineWidth>
<points>
<point x="927" y="326"/>
<point x="512" y="326"/>
</points>
</Connector>
</connectors>
</Diagram>