<?xml version = '1.0' encoding = 'UTF-8'?>
<TableProxyOraclev20c class="oracle.dbtools.crest.model.design.storage.oracle.v20c.TableProxyOraclev20c" name="PACIENTE" directorySegmentName="seg_0" id="2D54904A-E0DE-8CF7-226D-A38B6DBE091C">
<createdBy>Fnix</createdBy>
<createdTime>2025-09-16 01:56:13 UTC</createdTime>
<ownerDesignName>San_fernando</ownerDesignName>
<logging>YES</logging>
<partitionedRowMovement>DISABLE</partitionedRowMovement>
<temporaryChanged>false</temporaryChanged>
<accessDriverType>oracle_loader</accessDriverType>
<rejectLimit></rejectLimit>
<columnProxies itemClass="oracle.dbtools.crest.model.design.storage.oracle.v12c.ColumnProxyOraclev12c">
<ColumnProxy name="tipo_usuario" id="32EAD2AE-BAB3-84B6-547D-ABE71F94F7CC">
<createdBy>Fnix</createdBy>
<createdTime>2025-09-16 01:56:13 UTC</createdTime>
<ownerDesignName>San_fernando</ownerDesignName>
</ColumnProxy>
<ColumnProxy name="id_comuna" id="481525C5-35B3-6FD1-EB47-9DC6D2B7F688">
<createdBy>Fnix</createdBy>
<createdTime>2025-09-16 01:56:13 UTC</createdTime>
<ownerDesignName>San_fernando</ownerDesignName>
</ColumnProxy>
<ColumnProxy name="direccion" id="58FB345C-20E7-9738-A447-DB94D6DC64F2">
<createdBy>Fnix</createdBy>
<createdTime>2025-09-16 01:56:13 UTC</createdTime>
<ownerDesignName>San_fernando</ownerDesignName>
</ColumnProxy>
<ColumnProxy name="rut_paciente" id="62AA4C30-E413-3509-001E-F9E851BE81A8">
<createdBy>Fnix</createdBy>
<createdTime>2025-09-16 01:56:13 UTC</createdTime>
<ownerDesignName>San_fernando</ownerDesignName>
</ColumnProxy>
<ColumnProxy name="telefono" id="B6CE5C4E-96AE-5419-C00E-D9C477064D06">
<createdBy>Fnix</createdBy>
<createdTime>2025-09-16 01:56:13 UTC</createdTime>
<ownerDesignName>San_fernando</ownerDesignName>
</ColumnProxy>
<ColumnProxy name="sexo" id="BA3CEE3E-D695-0E7A-507D-D9C6DD56B59E">
<createdBy>Fnix</createdBy>
<createdTime>2025-09-16 01:56:13 UTC</createdTime>
<ownerDesignName>San_fernando</ownerDesignName>
</ColumnProxy>
<ColumnProxy name="nombre" id="D8147C21-807E-3BC1-B10E-5633A15675C6">
<createdBy>Fnix</createdBy>
<createdTime>2025-09-16 01:56:13 UTC</createdTime>
<ownerDesignName>San_fernando</ownerDesignName>
</ColumnProxy>
<ColumnProxy name="fecha_nacimiento" id="E7E0CB47-CFB8-A106-DFDF-3818E59CC2F2">
<createdBy>Fnix</createdBy>
<createdTime>2025-09-16 01:56:13 UTC</createdTime>
<ownerDesignName>San_fernando</ownerDesignName>
</ColumnProxy>
</columnProxies>
<foreignKeys>
<ForeignKey class="oracle.dbtools.crest.model.design.storage.oracle.v10g.FKProxyOraclev10g" name="fk_paciente_comuna" id="D2E077EC-A4BC-F6F4-4CFB-82F51B74973F">
<createdBy>Fnix</createdBy>
<createdTime>2025-09-16 01:56:13 UTC</createdTime>
<ownerDesignName>San_fernando</ownerDesignName>
</ForeignKey>
</foreignKeys>
<primaryKeys>
<PrimaryKey class="oracle.dbtools.crest.model.design.storage.oracle.v10g.PKProxyOraclev10g" name="PACIENTE_PK" id="7D21068E-0F06-0227-0FFA-5FDEF2F5174D">
<createdBy>Fnix</createdBy>
<createdTime>2025-09-16 01:56:13 UTC</createdTime>
<ownerDesignName>San_fernando</ownerDesignName>
<indexSort>SORTED</indexSort>
</PrimaryKey>
</primaryKeys>
</TableProxyOraclev20c>