<?xml version = '1.0' encoding = 'UTF-8'?>
<TableProxyOraclev20c class="oracle.dbtools.crest.model.design.storage.oracle.v20c.TableProxyOraclev20c" name="AFP" directorySegmentName="seg_0" id="3C26453E-EC44-55D5-B322-B193AF032875">
<createdBy>Fnix</createdBy>
<createdTime>2025-09-16 01:56:13 UTC</createdTime>
<ownerDesignName>San_fernando</ownerDesignName>
<logging>YES</logging>
<partitionedRowMovement>DISABLE</partitionedRowMovement>
<temporaryChanged>false</temporaryChanged>
<accessDriverType>oracle_loader</accessDriverType>
<rejectLimit></rejectLimit>
<columnProxies itemClass="oracle.dbtools.crest.model.design.storage.oracle.v12c.ColumnProxyOraclev12c">
<ColumnProxy name="id_afp" id="1874A74F-E377-6061-6578-03B91038C777">
<createdBy>Fnix</createdBy>
<createdTime>2025-09-16 01:56:13 UTC</createdTime>
<ownerDesignName>San_fernando</ownerDesignName>
</ColumnProxy>
<ColumnProxy name="nombre_afp" id="C19B87F5-AB78-E877-74D3-4770E098CFE8">
<createdBy>Fnix</createdBy>
<createdTime>2025-09-16 01:56:13 UTC</createdTime>
<ownerDesignName>San_fernando</ownerDesignName>
</ColumnProxy>
</columnProxies>
<primaryKeys>
<PrimaryKey class="oracle.dbtools.crest.model.design.storage.oracle.v10g.PKProxyOraclev10g" name="AFP_PK" id="13E296D3-3F49-84A0-60B7-C834D997B097">
<createdBy>Fnix</createdBy>
<createdTime>2025-09-16 01:56:13 UTC</createdTime>
<ownerDesignName>San_fernando</ownerDesignName>
<indexSort>SORTED</indexSort>
</PrimaryKey>
</primaryKeys>
</TableProxyOraclev20c>