<?xml version = '1.0' encoding = 'UTF-8'?>
<TableProxyOraclev11g class="oracle.dbtools.crest.model.design.storage.oracle.v11g.TableProxyOraclev11g" name="COMUNA" directorySegmentName="seg_0" id="120BF468-4E89-7C8C-4A45-DAA66FBCD4CA">
<createdBy>Fnix</createdBy>
<createdTime>2025-09-16 01:57:46 UTC</createdTime>
<ownerDesignName>San_fernando</ownerDesignName>
<logging>YES</logging>
<partitionedRowMovement>DISABLE</partitionedRowMovement>
<temporaryChanged>false</temporaryChanged>
<accessDriverType>oracle_loader</accessDriverType>
<rejectLimit></rejectLimit>
<columnProxies itemClass="oracle.dbtools.crest.model.design.storage.oracle.v12c.ColumnProxyOraclev12c">
<ColumnProxy name="nombre_comuna" id="269D95B6-86DE-6B39-F146-6E590D5D101E">
<createdBy>Fnix</createdBy>
<createdTime>2025-09-16 01:57:46 UTC</createdTime>
<ownerDesignName>San_fernando</ownerDesignName>
</ColumnProxy>
<ColumnProxy name="id_comuna" id="3ECAF023-8B45-9708-059D-9B76845FFF58">
<createdBy>Fnix</createdBy>
<createdTime>2025-09-16 01:57:46 UTC</createdTime>
<ownerDesignName>San_fernando</ownerDesignName>
</ColumnProxy>
<ColumnProxy name="id_region" id="A6633E5A-0066-73BB-17DD-A7B327738B09">
<createdBy>Fnix</createdBy>
<createdTime>2025-09-16 01:57:46 UTC</createdTime>
<ownerDesignName>San_fernando</ownerDesignName>
</ColumnProxy>
</columnProxies>
<foreignKeys>
<ForeignKey class="oracle.dbtools.crest.model.design.storage.oracle.v10g.FKProxyOraclev10g" name="fk_comuna_region" id="D8BEEADA-AC65-DCA6-5794-92AAD2ADFCB5">
<createdBy>Fnix</createdBy>
<createdTime>2025-09-16 01:57:46 UTC</createdTime>
<ownerDesignName>San_fernando</ownerDesignName>
</ForeignKey>
</foreignKeys>
<primaryKeys>
<PrimaryKey class="oracle.dbtools.crest.model.design.storage.oracle.v10g.PKProxyOraclev10g" name="COMUNA_PK" id="9E3415D2-0C43-C515-C95A-66E661483179">
<createdBy>Fnix</createdBy>
<createdTime>2025-09-16 01:57:46 UTC</createdTime>
<ownerDesignName>San_fernando</ownerDesignName>
<indexSort>SORTED</indexSort>
</PrimaryKey>
</primaryKeys>
</TableProxyOraclev11g>