<?xml version = '1.0' encoding = 'UTF-8'?>
<TableProxyOraclev11g class="oracle.dbtools.crest.model.design.storage.oracle.v11g.TableProxyOraclev11g" name="ESPECIALIDAD" directorySegmentName="seg_0" id="39EE4054-6CFF-8846-2B8F-340CB4DAACF9">
<createdBy>Fnix</createdBy>
<createdTime>2025-09-16 01:57:46 UTC</createdTime>
<ownerDesignName>San_fernando</ownerDesignName>
<logging>YES</logging>
<partitionedRowMovement>DISABLE</partitionedRowMovement>
<temporaryChanged>false</temporaryChanged>
<accessDriverType>oracle_loader</accessDriverType>
<rejectLimit></rejectLimit>
<columnProxies itemClass="oracle.dbtools.crest.model.design.storage.oracle.v12c.ColumnProxyOraclev12c">
<ColumnProxy name="id_especialidad" id="0955013B-8B4E-EDD7-724C-BAA03381F78D">
<createdBy>Fnix</createdBy>
<createdTime>2025-09-16 01:57:46 UTC</createdTime>
<ownerDesignName>San_fernando</ownerDesignName>
</ColumnProxy>
<ColumnProxy name="nombre_especialidad" id="EEE66604-981B-B63E-0315-371C339AD9E8">
<createdBy>Fnix</createdBy>
<createdTime>2025-09-16 01:57:46 UTC</createdTime>
<ownerDesignName>San_fernando</ownerDesignName>
</ColumnProxy>
</columnProxies>
<primaryKeys>
<PrimaryKey class="oracle.dbtools.crest.model.design.storage.oracle.v10g.PKProxyOraclev10g" name="ESPECIALIDAD_PK" id="E5C08167-3FDD-DFBA-653B-ECDE369F8D43">
<createdBy>Fnix</createdBy>
<createdTime>2025-09-16 01:57:46 UTC</createdTime>
<ownerDesignName>San_fernando</ownerDesignName>
<indexSort>SORTED</indexSort>
</PrimaryKey>
</primaryKeys>
</TableProxyOraclev11g>