<?xml version = '1.0' encoding = 'UTF-8'?>
<TableProxyOraclev11g class="oracle.dbtools.crest.model.design.storage.oracle.v11g.TableProxyOraclev11g" name="REGION" directorySegmentName="seg_0" id="7AAB3035-1BF6-51A4-D276-9846D0863358">
<createdBy>Fnix</createdBy>
<createdTime>2025-09-16 01:57:46 UTC</createdTime>
<ownerDesignName>San_fernando</ownerDesignName>
<logging>YES</logging>
<partitionedRowMovement>DISABLE</partitionedRowMovement>
<temporaryChanged>false</temporaryChanged>
<accessDriverType>oracle_loader</accessDriverType>
<rejectLimit></rejectLimit>
<columnProxies itemClass="oracle.dbtools.crest.model.design.storage.oracle.v12c.ColumnProxyOraclev12c">
<ColumnProxy name="id_region" id="B2DCF1E0-2270-631C-671A-DCFEE26FEB2C">
<createdBy>Fnix</createdBy>
<createdTime>2025-09-16 01:57:46 UTC</createdTime>
<ownerDesignName>San_fernando</ownerDesignName>
</ColumnProxy>
<ColumnProxy name="nombre_region" id="DB5E4FA7-D45C-302E-3AE4-D45F5F53906F">
<createdBy>Fnix</createdBy>
<createdTime>2025-09-16 01:57:46 UTC</createdTime>
<ownerDesignName>San_fernando</ownerDesignName>
</ColumnProxy>
</columnProxies>
<primaryKeys>
<PrimaryKey class="oracle.dbtools.crest.model.design.storage.oracle.v10g.PKProxyOraclev10g" name="REGION_PK" id="0815E275-1FEB-DC89-B3F6-8AB67E86B500">
<createdBy>Fnix</createdBy>
<createdTime>2025-09-16 01:57:46 UTC</createdTime>
<ownerDesignName>San_fernando</ownerDesignName>
<indexSort>SORTED</indexSort>
</PrimaryKey>
</primaryKeys>
</TableProxyOraclev11g>