<?xml version = '1.0' encoding = 'UTF-8'?>
<TableProxyOraclev11g class="oracle.dbtools.crest.model.design.storage.oracle.v11g.TableProxyOraclev11g" name="PAGO_ATENCION" directorySegmentName="seg_0" id="8DBFD2A5-4749-AA9B-D8A6-E24995BB8658">
<createdBy>Fnix</createdBy>
<createdTime>2025-09-16 01:57:46 UTC</createdTime>
<ownerDesignName>San_fernando</ownerDesignName>
<logging>YES</logging>
<partitionedRowMovement>DISABLE</partitionedRowMovement>
<temporaryChanged>false</temporaryChanged>
<accessDriverType>oracle_loader</accessDriverType>
<rejectLimit></rejectLimit>
<columnProxies itemClass="oracle.dbtools.crest.model.design.storage.oracle.v12c.ColumnProxyOraclev12c">
<ColumnProxy name="id_pago" id="2DFCFDB7-46B8-F38F-14F3-147651FA6111">
<createdBy>Fnix</createdBy>
<createdTime>2025-09-16 01:57:46 UTC</createdTime>
<ownerDesignName>San_fernando</ownerDesignName>
</ColumnProxy>
<ColumnProxy name="fecha_pago" id="55DEB483-3DFA-FA0B-BBD4-9D8438638385">
<createdBy>Fnix</createdBy>
<createdTime>2025-09-16 01:57:46 UTC</createdTime>
<ownerDesignName>San_fernando</ownerDesignName>
</ColumnProxy>
<ColumnProxy name="tipo_pago" id="A503B382-625B-6700-FE9B-1DA862A55A01">
<createdBy>Fnix</createdBy>
<createdTime>2025-09-16 01:57:46 UTC</createdTime>
<ownerDesignName>San_fernando</ownerDesignName>
</ColumnProxy>
<ColumnProxy name="id_atencion" id="F8578E0F-974E-A1BB-B9EE-94587F5404AE">
<createdBy>Fnix</createdBy>
<createdTime>2025-09-16 01:57:46 UTC</createdTime>
<ownerDesignName>San_fernando</ownerDesignName>
</ColumnProxy>
<ColumnProxy name="monto" id="FFAE7339-720A-4B94-38DE-D528D9EE03CC">
<createdBy>Fnix</createdBy>
<createdTime>2025-09-16 01:57:46 UTC</createdTime>
<ownerDesignName>San_fernando</ownerDesignName>
</ColumnProxy>
</columnProxies>
<foreignKeys>
<ForeignKey class="oracle.dbtools.crest.model.design.storage.oracle.v10g.FKProxyOraclev10g" name="fk_pago_atencion" id="CE018711-E293-FD97-9D4B-727A1B9BBEB3">
<createdBy>Fnix</createdBy>
<createdTime>2025-09-16 01:57:46 UTC</createdTime>
<ownerDesignName>San_fernando</ownerDesignName>
</ForeignKey>
</foreignKeys>
<primaryKeys>
<PrimaryKey class="oracle.dbtools.crest.model.design.storage.oracle.v10g.PKProxyOraclev10g" name="PAGO_ATENCION_PK" id="24FB5A19-7C41-9E64-3731-FFD3C1805393">
<createdBy>Fnix</createdBy>
<createdTime>2025-09-16 01:57:46 UTC</createdTime>
<ownerDesignName>San_fernando</ownerDesignName>
<indexSort>SORTED</indexSort>
</PrimaryKey>
</primaryKeys>
</TableProxyOraclev11g>