<?xml version = '1.0' encoding = 'UTF-8'?>
<TableProxyOraclev11g class="oracle.dbtools.crest.model.design.storage.oracle.v11g.TableProxyOraclev11g" name="SOLICITUD_EXAMEN" directorySegmentName="seg_0" id="97A4B55B-8F6F-12B4-59E8-ECF3B7D8210B">
<createdBy>Fnix</createdBy>
<createdTime>2025-09-16 01:57:46 UTC</createdTime>
<ownerDesignName>San_fernando</ownerDesignName>
<logging>YES</logging>
<partitionedRowMovement>DISABLE</partitionedRowMovement>
<temporaryChanged>false</temporaryChanged>
<accessDriverType>oracle_loader</accessDriverType>
<rejectLimit></rejectLimit>
<columnProxies itemClass="oracle.dbtools.crest.model.design.storage.oracle.v12c.ColumnProxyOraclev12c">
<ColumnProxy name="resultado" id="0658E738-73AB-F9C8-68EE-653BB6D08D9F">
<createdBy>Fnix</createdBy>
<createdTime>2025-09-16 01:57:46 UTC</createdTime>
<ownerDesignName>San_fernando</ownerDesignName>
</ColumnProxy>
<ColumnProxy name="id_examen" id="08ABF6E9-A432-FC03-F701-A5266546B4E4">
<createdBy>Fnix</createdBy>
<createdTime>2025-09-16 01:57:46 UTC</createdTime>
<ownerDesignName>San_fernando</ownerDesignName>
</ColumnProxy>
<ColumnProxy name="fecha_solicitud" id="4504AC21-97EA-7762-58BC-2ACDC26A228C">
<createdBy>Fnix</createdBy>
<createdTime>2025-09-16 01:57:46 UTC</createdTime>
<ownerDesignName>San_fernando</ownerDesignName>
</ColumnProxy>
<ColumnProxy name="fecha_resultado" id="53BC5414-B024-7C3A-8AE1-909018D3C901">
<createdBy>Fnix</createdBy>
<createdTime>2025-09-16 01:57:46 UTC</createdTime>
<ownerDesignName>San_fernando</ownerDesignName>
</ColumnProxy>
<ColumnProxy name="id_solicitud" id="59363792-3388-AB33-9F56-8793AF350C80">
<createdBy>Fnix</createdBy>
<createdTime>2025-09-16 01:57:46 UTC</createdTime>
<ownerDesignName>San_fernando</ownerDesignName>
</ColumnProxy>
<ColumnProxy name="id_atencion" id="9E937AA3-2EBB-8651-08E4-8B1EF1AE8089">
<createdBy>Fnix</createdBy>
<createdTime>2025-09-16 01:57:46 UTC</createdTime>
<ownerDesignName>San_fernando</ownerDesignName>
</ColumnProxy>
</columnProxies>
<foreignKeys>
<ForeignKey class="oracle.dbtools.crest.model.design.storage.oracle.v10g.FKProxyOraclev10g" name="fk_solicitud_atencion" id="6EB83006-9A8C-9460-4D85-5B7481BE440B">
<createdBy>Fnix</createdBy>
<createdTime>2025-09-16 01:57:46 UTC</createdTime>
<ownerDesignName>San_fernando</ownerDesignName>
</ForeignKey>
<ForeignKey class="oracle.dbtools.crest.model.design.storage.oracle.v10g.FKProxyOraclev10g" name="fk_solicitud_examen" id="C6158A2C-518C-7332-BF17-4FF650376DD2">
<createdBy>Fnix</createdBy>
<createdTime>2025-09-16 01:57:46 UTC</createdTime>
<ownerDesignName>San_fernando</ownerDesignName>
</ForeignKey>
</foreignKeys>
<primaryKeys>
<PrimaryKey class="oracle.dbtools.crest.model.design.storage.oracle.v10g.PKProxyOraclev10g" name="SOLICITUD_EXAMEN_PK" id="CEF0481B-B41C-E1B2-4B20-40310D6E39D3">
<createdBy>Fnix</createdBy>
<createdTime>2025-09-16 01:57:46 UTC</createdTime>
<ownerDesignName>San_fernando</ownerDesignName>
<indexSort>SORTED</indexSort>
</PrimaryKey>
</primaryKeys>
</TableProxyOraclev11g>