<?xml version = '1.0' encoding = 'UTF-8'?>
<Table class="oracle.dbtools.crest.model.design.relational.Table" directorySegmentName="seg_0" id="8DBFD2A5-4749-AA9B-D8A6-E24995BB8658" name="PAGO_ATENCION">
<sourceDDLFile>data2.sql</sourceDDLFile>
<createdBy>Fnix</createdBy>
<createdTime>2025-09-16 01:56:13 UTC</createdTime>
<ownerDesignName>San_fernando</ownerDesignName>
<importedID>182652D5-4BF2-031E-F63C-2174E5914105</importedID>
<useDDLTransformationScript>true</useDDLTransformationScript>
<allowColumnReorder>false</allowColumnReorder>
<existDependencyGenerateInDDl>true</existDependencyGenerateInDDl>
<parsed>true</parsed>
<columns itemClass="oracle.dbtools.crest.model.design.relational.Column">
<Column name="id_pago" id="2DFCFDB7-46B8-F38F-14F3-147651FA6111">
<sourceDDLFile>data2.sql</sourceDDLFile>
<createdBy>Fnix</createdBy>
<createdTime>2025-09-16 01:56:13 UTC</createdTime>
<ownerDesignName>San_fernando</ownerDesignName>
<importedID>74417E13-501A-A835-E014-C1E6D09A4970</importedID>
<use>0</use>
<logicalDatatype>LOGDT019</logicalDatatype>
<domain>1BD4D9BE-2231-9BB3-AD19-59DF3FB6E10D</domain>
<ownDataTypeParameters>,,</ownDataTypeParameters>
<autoIncrementCycle>false</autoIncrementCycle>
</Column>
<Column name="id_atencion" id="F8578E0F-974E-A1BB-B9EE-94587F5404AE">
<sourceDDLFile>data2.sql</sourceDDLFile>
<createdBy>Fnix</createdBy>
<createdTime>2025-09-16 01:56:13 UTC</createdTime>
<ownerDesignName>San_fernando</ownerDesignName>
<importedID>7DF76B1A-28FD-DDBE-ECCB-B153D1E0131A</importedID>
<use>0</use>
<logicalDatatype>LOGDT019</logicalDatatype>
<domain>1BD4D9BE-2231-9BB3-AD19-59DF3FB6E10D</domain>
<ownDataTypeParameters>,,</ownDataTypeParameters>
<autoIncrementCycle>false</autoIncrementCycle>
<associations>
<colAssociation fkAssociation="75D86F10-1739-90A7-30AD-4118F05AF94A" referredColumn="A610128A-565C-9670-AC3F-7F1B2DE1C346"/>
</associations>
</Column>
<Column name="monto" id="FFAE7339-720A-4B94-38DE-D528D9EE03CC">
<sourceDDLFile>data2.sql</sourceDDLFile>
<createdBy>Fnix</createdBy>
<createdTime>2025-09-16 01:56:13 UTC</createdTime>
<ownerDesignName>San_fernando</ownerDesignName>
<importedID>C86F97C7-175E-B9C3-1E85-4AA6C2DB8623</importedID>
<use>0</use>
<logicalDatatype>LOGDT019</logicalDatatype>
<domain>459EA068-F3C0-BE88-8590-92876C7893D8</domain>
<ownDataTypeParameters>,,</ownDataTypeParameters>
<autoIncrementCycle>false</autoIncrementCycle>
</Column>
<Column name="tipo_pago" id="A503B382-625B-6700-FE9B-1DA862A55A01">
<sourceDDLFile>data2.sql</sourceDDLFile>
<createdBy>Fnix</createdBy>
<createdTime>2025-09-16 01:56:13 UTC</createdTime>
<ownerDesignName>San_fernando</ownerDesignName>
<importedID>69330543-869A-9517-CB0A-3795F569C1B5</importedID>
<use>0</use>
<logicalDatatype>LOGDT024</logicalDatatype>
<domain>0B009B3E-F3D2-D008-320C-551979BDCA3D</domain>
<ownDataTypeParameters>,,</ownDataTypeParameters>
<autoIncrementCycle>false</autoIncrementCycle>
</Column>
<Column name="fecha_pago" id="55DEB483-3DFA-FA0B-BBD4-9D8438638385">
<sourceDDLFile>data2.sql</sourceDDLFile>
<createdBy>Fnix</createdBy>
<createdTime>2025-09-16 01:56:13 UTC</createdTime>
<ownerDesignName>San_fernando</ownerDesignName>
<importedID>2F750585-7FFD-F345-1D59-F3973F956FD9</importedID>
<use>0</use>
<logicalDatatype>LOGDT007</logicalDatatype>
<domain>3152627F-8579-E110-0584-E8A6C6DC5CCE</domain>
<ownDataTypeParameters>,,</ownDataTypeParameters>
<autoIncrementCycle>false</autoIncrementCycle>
</Column>
</columns>
<indexes itemClass="oracle.dbtools.crest.model.design.relational.Index">
<ind_PK_UK id="24FB5A19-7C41-9E64-3731-FFD3C1805393" name="PAGO_ATENCION_PK">
<sourceDDLFile>data2.sql</sourceDDLFile>
<createdBy>Fnix</createdBy>
<createdTime>2025-09-16 01:56:13 UTC</createdTime>
<ownerDesignName>San_fernando</ownerDesignName>
<importedID>A7BB657D-B056-F5A4-9FD2-EBDD13305EFD</importedID>
<pk>true</pk>
<indexState>Primary Constraint</indexState>
<isSurrogateKey>false</isSurrogateKey>
<indexColumnUsage>
<colUsage columnID="2DFCFDB7-46B8-F38F-14F3-147651FA6111"/>
</indexColumnUsage>
</ind_PK_UK>
<ind_PK_UK id="CE018711-E293-FD97-9D4B-727A1B9BBEB3" name="fk_pago_atencion">
<createdBy>Fnix</createdBy>
<createdTime>2025-09-16 01:56:13 UTC</createdTime>
<ownerDesignName>San_fernando</ownerDesignName>
<indexState>Foreign Key</indexState>
<isSurrogateKey>false</isSurrogateKey>
<indexColumnUsage>
<colUsage columnID="F8578E0F-974E-A1BB-B9EE-94587F5404AE"/>
</indexColumnUsage>
</ind_PK_UK>
</indexes>
</Table>