<?xml version = '1.0' encoding = 'UTF-8'?>
<Table class="oracle.dbtools.crest.model.design.relational.Table" directorySegmentName="seg_0" id="9246D2DF-F219-4E04-CA16-F9692811887B" name="INSTITUCION_SALUD">
<sourceDDLFile>data2.sql</sourceDDLFile>
<createdBy>Fnix</createdBy>
<createdTime>2025-09-16 01:56:13 UTC</createdTime>
<ownerDesignName>San_fernando</ownerDesignName>
<importedID>EEAA2C54-83DB-3AD4-9E79-A1356B203D06</importedID>
<useDDLTransformationScript>true</useDDLTransformationScript>
<allowColumnReorder>false</allowColumnReorder>
<existDependencyGenerateInDDl>true</existDependencyGenerateInDDl>
<parsed>true</parsed>
<columns itemClass="oracle.dbtools.crest.model.design.relational.Column">
<Column name="id_institucion" id="95EBC164-9E89-9E1A-61FA-0D086F49B806">
<sourceDDLFile>data2.sql</sourceDDLFile>
<createdBy>Fnix</createdBy>
<createdTime>2025-09-16 01:56:13 UTC</createdTime>
<ownerDesignName>San_fernando</ownerDesignName>
<importedID>AA84F901-E16E-E64C-2C40-6EFF05A7B2AB</importedID>
<use>0</use>
<logicalDatatype>LOGDT019</logicalDatatype>
<domain>1BD4D9BE-2231-9BB3-AD19-59DF3FB6E10D</domain>
<ownDataTypeParameters>,,</ownDataTypeParameters>
<autoIncrementCycle>false</autoIncrementCycle>
</Column>
<Column name="nombre" id="5CE13F9F-9537-E03D-8509-FD910858B6DB">
<sourceDDLFile>data2.sql</sourceDDLFile>
<createdBy>Fnix</createdBy>
<createdTime>2025-09-16 01:56:13 UTC</createdTime>
<ownerDesignName>San_fernando</ownerDesignName>
<importedID>CE9B15E7-30E4-1D19-474D-089F61960626</importedID>
<use>0</use>
<logicalDatatype>LOGDT024</logicalDatatype>
<domain>EC82D9E8-A905-F2C9-5027-FE81E5990ECF</domain>
<ownDataTypeParameters>,,</ownDataTypeParameters>
<autoIncrementCycle>false</autoIncrementCycle>
</Column>
<Column name="tipo" id="7A23BAA5-F4D3-8F80-CCD1-64FB6F148918">
<sourceDDLFile>data2.sql</sourceDDLFile>
<createdBy>Fnix</createdBy>
<createdTime>2025-09-16 01:56:13 UTC</createdTime>
<ownerDesignName>San_fernando</ownerDesignName>
<importedID>6DA8A975-C652-56A7-799F-09A057431A83</importedID>
<use>0</use>
<logicalDatatype>LOGDT024</logicalDatatype>
<domain>0B009B3E-F3D2-D008-320C-551979BDCA3D</domain>
<ownDataTypeParameters>,,</ownDataTypeParameters>
<autoIncrementCycle>false</autoIncrementCycle>
</Column>
</columns>
<indexes itemClass="oracle.dbtools.crest.model.design.relational.Index">
<ind_PK_UK id="91A754FC-08FD-6755-E15B-DD9188CF19EB" name="INSTITUCION_SALUD_PK">
<sourceDDLFile>data2.sql</sourceDDLFile>
<createdBy>Fnix</createdBy>
<createdTime>2025-09-16 01:56:13 UTC</createdTime>
<ownerDesignName>San_fernando</ownerDesignName>
<importedID>ED807DBD-AF16-FCD7-494F-7956355C0929</importedID>
<pk>true</pk>
<indexState>Primary Constraint</indexState>
<isSurrogateKey>false</isSurrogateKey>
<indexColumnUsage>
<colUsage columnID="95EBC164-9E89-9E1A-61FA-0D086F49B806"/>
</indexColumnUsage>
</ind_PK_UK>
</indexes>
</Table>