<?xml version = '1.0' encoding = 'UTF-8'?>
<Table class="oracle.dbtools.crest.model.design.relational.Table" directorySegmentName="seg_0" id="EB08ACDA-C0E2-A2CC-EB2F-ACC30FD502ED" name="MEDICO">
<sourceDDLFile>data2.sql</sourceDDLFile>
<createdBy>Fnix</createdBy>
<createdTime>2025-09-16 01:56:13 UTC</createdTime>
<ownerDesignName>San_fernando</ownerDesignName>
<importedID>EBF8A477-4719-F095-73A3-9A2198E0A312</importedID>
<useDDLTransformationScript>true</useDDLTransformationScript>
<allowColumnReorder>false</allowColumnReorder>
<existDependencyGenerateInDDl>true</existDependencyGenerateInDDl>
<parsed>true</parsed>
<columns itemClass="oracle.dbtools.crest.model.design.relational.Column">
<Column name="rut_medico" id="28F10E52-2F58-1F38-62F2-CFA865630DA5">
<sourceDDLFile>data2.sql</sourceDDLFile>
<createdBy>Fnix</createdBy>
<createdTime>2025-09-16 01:56:13 UTC</createdTime>
<ownerDesignName>San_fernando</ownerDesignName>
<importedID>32A2D911-4141-50EB-BF88-481C26F6EAC7</importedID>
<use>0</use>
<logicalDatatype>LOGDT024</logicalDatatype>
<domain>EAF353C2-7F8E-64A8-49BF-1476D2042732</domain>
<ownDataTypeParameters>,,</ownDataTypeParameters>
<autoIncrementCycle>false</autoIncrementCycle>
</Column>
<Column name="nombre" id="B3342539-03B4-0F0D-7A07-432E147A6BE2">
<sourceDDLFile>data2.sql</sourceDDLFile>
<createdBy>Fnix</createdBy>
<createdTime>2025-09-16 01:56:13 UTC</createdTime>
<ownerDesignName>San_fernando</ownerDesignName>
<importedID>E4F4C54F-FACF-F526-A1EE-4D0F2BA3787A</importedID>
<use>0</use>
<logicalDatatype>LOGDT024</logicalDatatype>
<domain>EC82D9E8-A905-F2C9-5027-FE81E5990ECF</domain>
<ownDataTypeParameters>,,</ownDataTypeParameters>
<autoIncrementCycle>false</autoIncrementCycle>
</Column>
<Column name="fecha_ingreso" id="272DED7E-85E2-72D9-467E-85C42CB8F0DB">
<sourceDDLFile>data2.sql</sourceDDLFile>
<createdBy>Fnix</createdBy>
<createdTime>2025-09-16 01:56:13 UTC</createdTime>
<ownerDesignName>San_fernando</ownerDesignName>
<importedID>C1902988-D27C-A7BC-22AB-97057310CBC7</importedID>
<use>0</use>
<logicalDatatype>LOGDT007</logicalDatatype>
<domain>3152627F-8579-E110-0584-E8A6C6DC5CCE</domain>
<ownDataTypeParameters>,,</ownDataTypeParameters>
<autoIncrementCycle>false</autoIncrementCycle>
</Column>
<Column name="id_especialidad" id="7073DD36-F075-C342-C989-743AE30DAEEB">
<sourceDDLFile>data2.sql</sourceDDLFile>
<createdBy>Fnix</createdBy>
<createdTime>2025-09-16 01:56:13 UTC</createdTime>
<ownerDesignName>San_fernando</ownerDesignName>
<importedID>A45F9A6E-09E6-0DF5-727B-A4CB18FBF497</importedID>
<use>0</use>
<logicalDatatype>LOGDT019</logicalDatatype>
<domain>1BD4D9BE-2231-9BB3-AD19-59DF3FB6E10D</domain>
<ownDataTypeParameters>,,</ownDataTypeParameters>
<autoIncrementCycle>false</autoIncrementCycle>
<associations>
<colAssociation fkAssociation="FE919A29-4C2F-E5B3-CCD6-CD8630419A1E" referredColumn="0955013B-8B4E-EDD7-724C-BAA03381F78D"/>
</associations>
</Column>
<Column name="id_afp" id="C58F2AD8-99D6-005B-ED37-68DA8EF466AE">
<sourceDDLFile>data2.sql</sourceDDLFile>
<createdBy>Fnix</createdBy>
<createdTime>2025-09-16 01:56:13 UTC</createdTime>
<ownerDesignName>San_fernando</ownerDesignName>
<importedID>D9EBFB4D-7EC5-59F3-2306-E4B6F5A277CD</importedID>
<nullsAllowed>true</nullsAllowed>
<use>0</use>
<logicalDatatype>LOGDT019</logicalDatatype>
<domain>1BD4D9BE-2231-9BB3-AD19-59DF3FB6E10D</domain>
<ownDataTypeParameters>,,</ownDataTypeParameters>
<autoIncrementCycle>false</autoIncrementCycle>
<associations>
<colAssociation fkAssociation="5E0E9218-E0E2-9248-075E-7CD01DDE005D" referredColumn="1874A74F-E377-6061-6578-03B91038C777"/>
</associations>
</Column>
<Column name="id_institucion" id="C842EA93-EBD3-C4C5-544C-55D64AEA0E95">
<sourceDDLFile>data2.sql</sourceDDLFile>
<createdBy>Fnix</createdBy>
<createdTime>2025-09-16 01:56:13 UTC</createdTime>
<ownerDesignName>San_fernando</ownerDesignName>
<importedID>1DF3DAEC-9B8C-FE20-6BC9-DDC77265751F</importedID>
<nullsAllowed>true</nullsAllowed>
<use>0</use>
<logicalDatatype>LOGDT019</logicalDatatype>
<domain>1BD4D9BE-2231-9BB3-AD19-59DF3FB6E10D</domain>
<ownDataTypeParameters>,,</ownDataTypeParameters>
<autoIncrementCycle>false</autoIncrementCycle>
<associations>
<colAssociation fkAssociation="4B1D0333-FFE2-37CC-2FB7-0EF93D0CA65E" referredColumn="95EBC164-9E89-9E1A-61FA-0D086F49B806"/>
</associations>
</Column>
<Column name="supervisor_rut" id="8A3F6549-B1AB-6F2D-D40F-9B0DC99C0E25">
<sourceDDLFile>data2.sql</sourceDDLFile>
<createdBy>Fnix</createdBy>
<createdTime>2025-09-16 01:56:13 UTC</createdTime>
<ownerDesignName>San_fernando</ownerDesignName>
<importedID>EFDDDD00-1CD6-D48E-C3A0-CDE2E179533E</importedID>
<nullsAllowed>true</nullsAllowed>
<use>0</use>
<logicalDatatype>LOGDT024</logicalDatatype>
<domain>EAF353C2-7F8E-64A8-49BF-1476D2042732</domain>
<ownDataTypeParameters>,,</ownDataTypeParameters>
<autoIncrementCycle>false</autoIncrementCycle>
<associations>
<colAssociation fkAssociation="5F35F150-64FC-DB78-06C3-FE7DEC73112E" referredColumn="28F10E52-2F58-1F38-62F2-CFA865630DA5"/>
</associations>
</Column>
</columns>
<indexes itemClass="oracle.dbtools.crest.model.design.relational.Index">
<ind_PK_UK id="FA2BE42C-8C2C-F406-C406-6AAE3490A360" name="MEDICO_PK">
<sourceDDLFile>data2.sql</sourceDDLFile>
<createdBy>Fnix</createdBy>
<createdTime>2025-09-16 01:56:13 UTC</createdTime>
<ownerDesignName>San_fernando</ownerDesignName>
<importedID>85D06675-5E4A-E849-5202-ED780F318A32</importedID>
<pk>true</pk>
<indexState>Primary Constraint</indexState>
<isSurrogateKey>false</isSurrogateKey>
<indexColumnUsage>
<colUsage columnID="28F10E52-2F58-1F38-62F2-CFA865630DA5"/>
</indexColumnUsage>
</ind_PK_UK>
<ind_PK_UK id="C1EA6ACC-618C-EBCD-80A7-010ED76FDB42" name="fk_medico_afp">
<createdBy>Fnix</createdBy>
<createdTime>2025-09-16 01:56:13 UTC</createdTime>
<ownerDesignName>San_fernando</ownerDesignName>
<indexState>Foreign Key</indexState>
<isSurrogateKey>false</isSurrogateKey>
<indexColumnUsage>
<colUsage columnID="C58F2AD8-99D6-005B-ED37-68DA8EF466AE"/>
</indexColumnUsage>
</ind_PK_UK>
<ind_PK_UK id="9F7F77B8-24F9-EA2E-1939-F11390A4B7B6" name="fk_medico_especialidad">
<createdBy>Fnix</createdBy>
<createdTime>2025-09-16 01:56:13 UTC</createdTime>
<ownerDesignName>San_fernando</ownerDesignName>
<indexState>Foreign Key</indexState>
<isSurrogateKey>false</isSurrogateKey>
<indexColumnUsage>
<colUsage columnID="7073DD36-F075-C342-C989-743AE30DAEEB"/>
</indexColumnUsage>
</ind_PK_UK>
<ind_PK_UK id="0173933B-DD5B-0A27-6455-912847F64526" name="fk_medico_institucion">
<createdBy>Fnix</createdBy>
<createdTime>2025-09-16 01:56:13 UTC</createdTime>
<ownerDesignName>San_fernando</ownerDesignName>
<indexState>Foreign Key</indexState>
<isSurrogateKey>false</isSurrogateKey>
<indexColumnUsage>
<colUsage columnID="C842EA93-EBD3-C4C5-544C-55D64AEA0E95"/>
</indexColumnUsage>
</ind_PK_UK>
<ind_PK_UK id="823FD7C2-41D0-D171-4315-F9D04177605B" name="fk_medico_supervisor">
<createdBy>Fnix</createdBy>
<createdTime>2025-09-16 01:56:13 UTC</createdTime>
<ownerDesignName>San_fernando</ownerDesignName>
<indexState>Foreign Key</indexState>
<isSurrogateKey>false</isSurrogateKey>
<indexColumnUsage>
<colUsage columnID="8A3F6549-B1AB-6F2D-D40F-9B0DC99C0E25"/>
</indexColumnUsage>
</ind_PK_UK>
</indexes>
</Table>