<?xml version = '1.0' encoding = 'UTF-8'?>
<Table class="oracle.dbtools.crest.model.design.relational.Table" directorySegmentName="seg_0" id="FDD5A482-1CD1-2949-D6C6-58D51DA6A57B" name="EXAMEN_LABORATORIO">
<sourceDDLFile>data2.sql</sourceDDLFile>
<createdBy>Fnix</createdBy>
<createdTime>2025-09-16 01:56:13 UTC</createdTime>
<ownerDesignName>San_fernando</ownerDesignName>
<importedID>822E97E1-553F-4193-06CE-1084B0BC4772</importedID>
<useDDLTransformationScript>true</useDDLTransformationScript>
<allowColumnReorder>false</allowColumnReorder>
<existDependencyGenerateInDDl>true</existDependencyGenerateInDDl>
<parsed>true</parsed>
<columns itemClass="oracle.dbtools.crest.model.design.relational.Column">
<Column name="id_examen" id="0A714E2B-830F-CCCD-D3B1-071F66C9B7A5">
<sourceDDLFile>data2.sql</sourceDDLFile>
<createdBy>Fnix</createdBy>
<createdTime>2025-09-16 01:56:13 UTC</createdTime>
<ownerDesignName>San_fernando</ownerDesignName>
<importedID>24197183-6D96-F11E-FA59-139E3808D3E4</importedID>
<use>0</use>
<logicalDatatype>LOGDT019</logicalDatatype>
<domain>1BD4D9BE-2231-9BB3-AD19-59DF3FB6E10D</domain>
<ownDataTypeParameters>,,</ownDataTypeParameters>
<autoIncrementCycle>false</autoIncrementCycle>
</Column>
<Column name="nombre_examen" id="C14044D0-040F-FD69-7FE0-2A8955A3B925">
<sourceDDLFile>data2.sql</sourceDDLFile>
<createdBy>Fnix</createdBy>
<createdTime>2025-09-16 01:56:13 UTC</createdTime>
<ownerDesignName>San_fernando</ownerDesignName>
<importedID>540B2F11-1327-351F-8ABD-76B50C1A9EE3</importedID>
<use>0</use>
<logicalDatatype>LOGDT024</logicalDatatype>
<domain>EC82D9E8-A905-F2C9-5027-FE81E5990ECF</domain>
<ownDataTypeParameters>,,</ownDataTypeParameters>
<autoIncrementCycle>false</autoIncrementCycle>
</Column>
<Column name="tipo_muestra" id="77432C60-EDDA-8E7C-9E0A-F0CAB491945C">
<sourceDDLFile>data2.sql</sourceDDLFile>
<createdBy>Fnix</createdBy>
<createdTime>2025-09-16 01:56:13 UTC</createdTime>
<ownerDesignName>San_fernando</ownerDesignName>
<importedID>35BE1443-F006-53D4-098E-6C001B998E44</importedID>
<use>0</use>
<logicalDatatype>LOGDT024</logicalDatatype>
<domain>EC82D9E8-A905-F2C9-5027-FE81E5990ECF</domain>
<ownDataTypeParameters>,,</ownDataTypeParameters>
<autoIncrementCycle>false</autoIncrementCycle>
</Column>
<Column name="condiciones" id="5EB2E53D-98DB-15ED-5D4B-8EEEFC002ABD">
<sourceDDLFile>data2.sql</sourceDDLFile>
<createdBy>Fnix</createdBy>
<createdTime>2025-09-16 01:56:13 UTC</createdTime>
<ownerDesignName>San_fernando</ownerDesignName>
<importedID>E704170B-9A87-7DE3-D287-3C52D5D4BF33</importedID>
<nullsAllowed>true</nullsAllowed>
<use>0</use>
<logicalDatatype>LOGDT024</logicalDatatype>
<domain>A271E82C-8246-8E0E-2BBC-DD0F1FDC4349</domain>
<ownDataTypeParameters>,,</ownDataTypeParameters>
<autoIncrementCycle>false</autoIncrementCycle>
</Column>
</columns>
<indexes itemClass="oracle.dbtools.crest.model.design.relational.Index">
<ind_PK_UK id="73B717E7-0249-7D23-2499-C57A4DB5FF39" name="EXAMEN_LABORATORIO_PK">
<sourceDDLFile>data2.sql</sourceDDLFile>
<createdBy>Fnix</createdBy>
<createdTime>2025-09-16 01:56:13 UTC</createdTime>
<ownerDesignName>San_fernando</ownerDesignName>
<importedID>113D000D-6573-5C14-5942-8CA01332568B</importedID>
<pk>true</pk>
<indexState>Primary Constraint</indexState>
<isSurrogateKey>false</isSurrogateKey>
<indexColumnUsage>
<colUsage columnID="0A714E2B-830F-CCCD-D3B1-071F66C9B7A5"/>
</indexColumnUsage>
</ind_PK_UK>
</indexes>
</Table>